Names,Meanings,Sentences,Tags,Level,Collocations,Synonyms,Pronunciations,Name
"serene
serenity","のどかな、平穏な、穏やかな
平穏、落ち着き",He enjoys taking walks through the serene forest behind his house.,英検,4,,,,serene
"fraternal
fraternity
fraternize","友愛の
兄弟関係、友愛、兄弟愛、団体
親しく交わる",The community center aims to create an atmosphere of fraternity and inclusiveness among all local residents.,英検,4,,,,fraternal
"ignominy
ignominious","不名誉
不名誉な、恥ずべき",They suffered an ignominious defeat against a lower ranking them.,"優劣・是非, 英検",4,,,,ignominy
bizarre,風変わりの、奇妙な,Publishers worried that the bizarre story would only appeal to a limited audience.,英検,2,,,,bizarre
coffer,財源、資金、金庫,The aggressive tax system has filled the coffers of the government.,英検,4,,,,coffer
graffiti,落書き,The wall was sprayed with graffiti.,英検,4,,,,graffiti
"idiosyncrasy
idiosyncratic","独特の、特異の
特異性",The pianist has an idiosyncratic playing style.,英検,4,,,,idiosyncrasy
"polytheistic
polytheism","多神教の
多神教",People here believe in a polytheistic religion.,"宗教・哲学, 英検",4,,,,polytheistic
commonplace,ありふれた、ごく日常的な、ありふれたもの,It is now commonplace to see people using smartphones.,英検,3,,,,commonplace
unilateral,一方的な,She made a unilateral decision to shut down the company without consulting with any employees.,"位置・方向, 英検",4,,,,unilateral
"philanthropy
philanthropist
philanthroppic","慈善活動、博愛行為、慈善事業
慈善化
慈善（事業）の、博愛（主義）の",She was awarded for all of her hard work in philanthropy.,"人・職業, 社会・国家, 英検",4,,,,philanthropy
"reimburse
reimbursement","返済する、補償する
返済",I will reimburse you for the cost of gas if you take me to the airport.,"ビジネス・経済, 英検",4,,,,reimburse
full-fledged,一人前の、れっきとした,"After his training ends, he will be a full-fledged soldier.","性格・態度, 程度・確度, 英検",4,,,,full-fledged
psychic,精神の、精神的な、心霊（現象）の,Your physical condition will affect your psychic state.,"感情・思考, 英検",3,,,,psychic
qualm,良心の呵責、気のとがめ、不安、懸念,I felt some qualms about accepting the money.,"感情・思考, 英検",4,,,,qualm
squeak,金切り声を出す、チューチュー鳴く、キーキー、チューチュー,The ball squeaked when the dog bit into it.,"カタカナ・象徴語, 会話・伝達, 英検",4,,,,squeak
laureate,受賞者,Henry Dunant was the first ever laureate of the Nobel Peace Prize.,"人・職業, 英検",4,,,,laureate
infighting,内輪もめ,The discussion has made little progress because of the party’s infighting.,英検,4,,,,infighting
shroud,包む、覆い隠す,The reasons behind his disappearance are shrouded in mystery.,"動作, 英検",4,,,,shroud
scavenge,漁る,Seagulls can often be found scavenging for food near the beach.,"動作, 生物・動物, 英検",4,,,,scavenge
despicable,卑劣な、軽蔑に値する,Racial discrimination is absolutely despicable and should not be tolerated.,"優劣・是非, 英検",4,,,,despicable
eerie,不気味な、薄気味悪い,The forest feels eerie when you walk through it at night.,"優劣・是非, 英検",4,,,,eerie
far-fetched,ありえない、現実的でない,The once far-fetched idea of treatments to reverse aging may become a reality.,"程度・確度, 英検",4,,,,far-fetched
forte,得意（分野）、強み,Baking things like cakes and cookies is definitely not her forte.,"便利, 英検",4,,,,forte
quip,当意即妙に答える、気の利いたことを言う、当意即妙な言葉、皮肉,She quipped that she would rather go to the dentist than attend another boring meeting.,"会話・伝達, 英検",4,,,,quip
trespass,不法侵入する,It is illegal to trespass on private property in most cases.,"社会・国家, 英検",4,,,,trespass
beset,悩ます,"The team was beset with injuries this year, so their poor record is not surprising.","感情・思考, 英検",4,,,,beset
"impersonal
impersonality","人間味のない、事務的な
人間味のなさ","Some people do not want to work for large, impersonal corporations.","人・職業, 英検",4,,,,impersonal
hardscrabble,やせた、耕作に適さない,They had great difficulty farming the hardscrabble land.,"地理・気候, 英検",4,,,,
"sovereign
sovereignty","主権を有する、独立した、君主、主権者
主権、統治権","In 1804, Haiti gained independence from France and declared itself a sovereign nation.","人・職業, 社会・国家, 英検",4,,,,sovereign
predisposed,〜の傾向にある、なりやすい,These mice are greatly predisposed to cancer.,"程度・確度, 英検",4,,,,predisposed
"peril
perilous","危険
危険な",The journey across the ocean remains perilous to this day.,英検,4,,,,peril
wield,（権力や影響を）行使する,She wields the power to give everyone a raise.,"ビジネス・経済, 英検",4,,,,wield
parameter,限界、指針,We have to work within the parameters of the budget.,"カタカナ・象徴語, 便利, 数量・論理, 英検",4,,,,parameter
squarely,真っ向から、直接,We must face and deal with the issues squarely.,英検,4,,,,squarely
hallmark,特徴、特質,Attention to detail is the hallmark of a great web designer.,"便利, 英検",4,,,,hallmark
"empower
empowerment","権限（裁量）を与える
権限付与",The judge is empowered to sentence people to life in prison.,"ビジネス・経済, 英検",4,,,,empower
"execute
execution","実行する、処刑する
実行、処刑",We will need a minimum of three people to execute this plan effectively.,"社会・国家, 英検",3,,,,execute
"degrade
degradation","分解する、劣化させる、低下させる、降格させる
劣化",The constant exposure to sunlight degraded the color of the chairs.,"優劣・是非, 形・材質, 英検",3,,,,degrade
"cede
cession","譲渡する、割譲する
譲渡、割譲",The army had to cede land to their enemies.,"社会・国家, 英検",4,,,,cede
shot,勝ち目、可能性、試み、挑戦,His team has a good shot at winning the championship.,"便利, 程度・確度, 英検",3,,,,shot
stockpile,備蓄、備蓄する,It is important to have a stockpile of supplies for earthquakes.,英検,4,,,,stockpile
"doom
doomed","運命、運命づける
不運な、絶望的な、運の尽きた",Everyone thought she was doomed to failure when she started her own business.,"優劣・是非, 英検",4,,,,doom
"respire
respiration
respiratory","呼吸する
呼吸
呼吸（器）の",The device provides breathing support for patients with respiratory illnesses.,"医療・健康, 英検",4,,,,respire
perimeter,周囲（の長さ）、境界線、防御線,A security guard patrols the perimeter of the house constantly.,"数量・論理, 英検",4,,,,perimeter
pendulum,振り子、変化、動揺,"In the country, the pendulum is now swinging from internationalism to isolationism.","カタカナ・象徴語, 便利, 英検",4,,,,pendulum
janitor,管理人、用務員、清掃作業員,All of the children always say good morning to the janitor.,"人・職業, 英検",3,,,,janitor
"vocalize
vocalization","発声する
発声、発生された声（音）",Make sure to respond to vocalizations your baby makes.,"医療・健康, 英検",4,,,,vocalize
"legislate
legislative
legislation
legislature","法制化する
立法の
立法、法律
議会、立法府",The provincial legislature passed a new law regarding health services.,"社会・国家, 英検",4,,,,legislate
lousy,お粗末な、ひどい,The ratings for that restaurant are low because of the lousy service.,"優劣・是非, 英検",4,,,,lousy
discontent,不満、不平,There was widespread discontent among the staff about low wages.,"感情・思考, 英検",4,,,,discontent
"resurrect
resurrection","復活させる
復活、再起",Talks of peace collapsed and have yet to be resurrected.,英検,4,,,,resurrect
"propose
proposal
proposition","提案する、申し出る
提案（計画など）、申し出
提案（条件など）、申し出、事柄、主張","Although they made an attractive proposition, the other company rejected it.","会話・伝達, 英検",3,,,,propose
humane,人道的な、残酷でない,"Their aim is to run a humane animal sanctuary.
We need to find a more humane way to treat animals.","優劣・是非, 英検",3,"treatment
conditions
society",,,humane
racket,大騒ぎ、騒音、ラケット,There is no need for you to make a racket like that.,"カタカナ・象徴語, 物, 社会・国家, 英検",4,,,,racket
thermal,熱の、温度の、保温性の良い,The human body converts food into thermal energy throught metabolic processes.,"物理・化学, 英検",4,,,,thermal
onlooker,傍観者、野次馬,Many onlookers gathered on the beach to see the beached whale.,"人・職業, 英検",4,,,,onlooker
land,（職などを）手に入れる,She landed a job with a good salary.,"ビジネス・経済, 英検",4,,,,land
"occupy
occupation
occupant","占有する、独占する
占有、独占、居住
占有者、居住者",All of the occupants of the apartment building were asked to leave.,"ビジネス・経済, 人・職業, 英検",3,,,,occupy
"dissolve
dissolution","解体する、解消する
解体、分解、崩壊",The dissolution of the NGO surprised the local community.,"ビジネス・経済, 英検",4,,,,dissolve
"transparent
transparency","透明な、透明性の高い
透明度、透明性",Protesters are demanding the government be more transparent about spending.,英検,4,,,,transparent
"reclaim
reclamation","奪還する、取り戻す、（土地などを）造成する、開拓する
造成、開拓",He reclaimed the title of top swimmer at the latest competition.,英検,4,,,,reclaim
milestone,道しるべ、画期的な事件、出来事,"The opening of this plant is an important milestone in the history of our company.
We reached an important milestone in the project.","便利, 時間・頻度, 社会・国家, 英検",3,,,,milestone
detour,回り道、迂回路,I had to take a detour because of a traffic accident.,"位置・方向, 英検",4,,,,detour
entail,（必然的に）〜を伴う,Any kind of investment entails some amount of risk.,"数量・論理, 英検",4,,,,entail
"agitate
agitation
agitator","動揺させる、かき乱す、世論に訴える、運動する
動揺、（社会）運動、扇動者",The group has been agitating for new tax laws to be passed.,"人・職業, 会話・伝達, 社会・国家, 英検",3,,,,agitate
stalemate,行き詰まり、膠着状態,The trade talks reached a stalemate and have not progressed since.,英検,4,,,,stalemate
"deceive
deception
deceptive
deceit","騙す、欺く
騙すこと、欺瞞
（人を）迷わすような、（見かけなどが）当てにならない、誤解を招く
詐欺","This mushroom seems to be edible, but looks are deceptive.","社会・国家, 英検",3,,,,deceive
stoke,あおる、かき立てる、（薪などを）くべる,His calm reaction only stoked her anger even further.,"感情・思考, 英検",4,,,,stoke
"glamor
glamorous
glamorize","魅力
魅力的な、魅惑的な
（実物より）魅力的に見せる",Fame and fortune is not always as glamorous as it looks on TV.,"カタカナ・象徴語, 優劣・是非, 英検",3,,,,glamor
standstill,停止、休止、行き詰まり、立ち止まること,Traffic back into the city has come to a complete standstill.,"時間・頻度, 英検",4,,,,standstill
tack,方針、方法,They took a different tack from the one they had originally decided on.,"便利, 英検",4,,,,tack
finalize,最終的に決定する,The marketing team has not yet finalized the name of the new game.,英検,4,,,,finalize
humanitarian,人道的な、博愛主義の,The nonprofit organization does a wide variety of humanitarian work in developing countries.,"性格・態度, 感情・思考, 英検",4,,,,humanitarian
raid,襲撃、踏み込み、手入れ、襲撃する,Most of the city was destroyed in bombing raids.,"社会・国家, 英検",4,,,,raid
"populate
population
populous
populace","居住させる、生息させる
人口
人口の多い
人民、一般大衆、人々","The girl wanted to move to a more populated area.
Tokyo is one of the most populous metropolitan areas in the world.
The general populace of that country is unhappy with their current political leadership.","地理・気候, 生物・動物, 英検",3,,,,populate
"hierarchy
hierarchical","階層制度、ヒエラルキー
階層的な、階級制の",Some cultures organize society in a more hierarchical way than others.,"カタカナ・象徴語, 数量・論理, 英検",3,,,,hierarchy
setback,障害、妨げ,There have been several setbacks for the construction of the new baseball stadium.,"便利, 影響・妨害, 英検",4,,,,setback
"crime
criminal
criminality","犯罪
罪を犯した、犯罪となる
犯罪性、犯罪行為","He did not recognize the criminality of sending the money to his cousin, who was a terrorist.","社会・国家, 英検",3,,,,crime
wary,警戒している、慎重な,You have to be wary of such a good deal.,"性格・態度, 英検",4,,,,wary
"retrieve
retrieval","取り出す、検索する、救出する
検索",He retrieved the wallet he left on the train from the lost and found.,"動作, 英検",4,,,,retrieve
"decent
decency","上品な、礼儀正しい、満足できる、まずまずの
上品さ、礼儀",She has a decent collection of artwork in her basement.,"優劣・是非, 性格・態度, 英検",2,,,,decent
"misinterpret
misinterpretation","誤って解釈（説明）する
誤った解釈、誤解",She misinterpreted his silence as agreement to go to the party.,"会話・伝達, 感情・思考, 英検",,,,,
watershed,分水嶺、転機、分岐点,These movies were a watershed in the history of Hollywood.,"便利, 地理・気候, 時間・頻度, 英検",3,,,,watershed
unearth,掘り出す、見つける、発見する,An unexpected bomb was unearthed at the construction site.,英検,4,,,,unearth
outcry,抗議、憤激,The shooting incident triggered a public outcry.,"会話・伝達, 感情・思考, 英検",4,,,,outcry
"renown
renowned","名声
名声のある、名高い",The magazine commonly pays renowned authors to write book reviews.,"優劣・是非, 英検",4,,,,renown
upscale,高所得者（向け）の、高級な,They went to an upscale restaurant to celebrate their anniversary.,"ビジネス・経済, 英検",4,,,,upscale
"evoke
evocation
evocative","喚起する
喚起
喚起するような",The photographs evoke the comfort of home.,"影響・妨害, 英検",4,,,,evoke
seamless,継ぎ目のない、一体となった,The city is hoping to manage a seamless transition to solar power.,英検,3,,,,seamless
overdue,期限が過ぎて、予定より遅れて、もっと早くすべきな,The librarian scolded her for having so many books overdue.,"時間・頻度, 英検",4,,,,overdue
outstrip,上回る、超える,Demand for masks far outstripped supply during the early days of the pandemic.,"数量・論理, 英検",4,,,,outstrip
"catastrophe
catastrophic","破局、大失敗
破壊的な","The party was a catastrophe; the guest of honor did not show up, the food was awful.","カタカナ・象徴語, 優劣・是非, 英検",3,"nightmare
disaster",,,catastrophe
foe,敵、相手,"His mother taught him to treat everyone with kindness, be they friends or foes.","スポーツ, 人・職業, 英検",4,,,,foe
"fragile
fragility","もろい、脆弱な
もろさ、脆弱性",The fragility of these items must be considered when packing them.,"形・材質, 英検",3,,,,fragile
hefty,高額な、がっしりした、大きくて重い,He paid a hefty sum of money for his new car.,"ビジネス・経済, 形・材質, 英検",4,,,,hefty
liken,なぞらえる,The horror director’s films have been likened to those of Alfred Hitchcock.,英検,4,,,,liken
attic,屋根裏（部屋）,There is a nice view from the spare room we built in the attic.,英検,4,,,,attic
entity,（独立した）存在、実体,Each entity must agree to the terms of the contract.,"カタカナ・象徴語, 英検",3,,,,entity
"incite
incitement","（感情などを）引き起こす、刺激する、扇動する
刺激、扇動",Some people purposely incited violence during the peaceful protest.,"影響・妨害, 感情・思考, 英検",4,,,,incite
"coin
coinage","鋳造する、新語などを作る
新語、新語を作ること",He is good at coining new words.,"会話・伝達, 英検",4,,,,coin
"uproar
uproarious","大騒ぎ、騒動
騒がしい",The town was in an uproar over the decision to let the casino be built.,"感情・思考, 英検",4,,,,uproar
agrarian,農業の,India is one of the largest agrarian countries in the world.,"地理・気候, 英検",4,,,,agrarian
"community
communal","共同体
共同の、共有の、共同体の、自治体の",I grow some vegetables in a communal farm garden.,"カタカナ・象徴語, 社会・国家, 英検",3,,,,community
"demography
demographic","人口統計学、人口動態
人口の、人口統計の、層",This app targets a younger demographic of users than that one.,"人・職業, 教育・学校, 社会・国家, 英検",4,,,,demography
rash,性急な、軽率な、軽はずみな,Let’s try to stay calm and avoid making any rash decisions.,英検,4,,,,rash
curb,抑制する、制限する、抑制、制限,The government raised interest rate to curb inflation.,"影響・妨害, 英検",4,,,,curb
status que,現状（維持）,She argues we need to change the status quo by getting more young people elected.,"便利, 数量・論理, 英検",4,,,,status que
"stagger
staggering","驚かせる、ふらつく
驚くべき、途方もない",She owns a staggering number of purses and accessories.,"感情・思考, 英検",4,,,,stagger
skyrocket,急騰する,Energy prices have skyrocketed over the past few months.,"数量・論理, 英検",4,,,,skyrocket
"confront
confrontation
confrontational","対決する
直面、対抗
対決的な、挑戦的な",The country took a more confrontational stance against the international community.,英検,4,,,,confront
"confidential
confidentiality","機密の、マル秘の
秘密であること、守秘",He was fired for selling confidential company records to competitors.,"ビジネス・経済, 英検",4,,,,confidential
disguise,偽る、偽装する、変装する、偽装、変装,The man disguised his true identity.,"社会・国家, 英検",3,,,,disguise
"inhibit
inhibition","抑制する、阻害する
抑制",Many argue that overly strict business regulations are inhibiting economic growth.,"影響・妨害, 英検",4,,,,inhibit
"forcible
forcibly","力ずくの、強制的な
力ずくで、強制的に",There are signs of forcible entry at the front door.,英検,3,,,,forcible
"reassure
reassuring
reassurance","安心させる、元気づける
安心させるような、元気づけるような
安心、励まし",Her grandparents reassured her that she would pass her exams.,"感情・思考, 英検",4,,,,reassure
upheaval,大変動、激変,The market has experienced great upheaval this year.,"社会・国家, 英検",4,,,,upheaval
selective,選択が慎重な,He is very selective about what news sources he reads.,"性格・態度, 英検",3,,,,selective
downfall,没落、破滅,The downfall of the empire was caused by corruption.,"便利, 社会・国家, 英検",,,,,comp
"captive
captivity
captivate","捕らえられた、捕虜になった、とりこになった
捕らわれの状態
〜の心を捕らえる、魅了する",She thinks it is inhumane to hold animals captive in zoos.,"感情・思考, 生物・動物, 英検",4,,,,captive
foremost,第一級の、主要な,He is one of the country’s foremost experts on environmental policy.,"優劣・是非, 英検",4,,,,foremost
"restore
restration","修復する
修復、回復、復旧",,英検,3,,,,restore
"proportion / disproportion
proportional[proportionate] / disproportional[disproportionate]","割合、比率 / 不釣り合い、不均衡
比例した、釣り合う / 不釣り合いな、不均衡な",The harsh punishment is considered disproportionate to the relatively minor crime.,"数量・論理, 英検",2,,,,proportion
albeit,ではあるが,"His paper was turned in, albeit three days late.","接続, 英検",4,,,,albeit
outnumber,数で上回る,Women outnumber men in the town almost 2 to 1.,"数量・論理, 英検",4,,,,outnumber
"evacuate
evacuation","避難する
避難",ThThe children have been trained how to evacuate the building in case of an emergency.,英検,4,,,,evacuate
"microscope
microscopy
microscopic
microscopically","顕微鏡
顕微鏡検査
微小な、微細な、顕微鏡による
微視的に",Dust mites are microscopic organisms that live in the fibers of carpets and bedding.,"物理・化学, 生物・動物, 英検",4,,,,microscop
"confine
confinement","閉じ込める、監禁する
監禁（状態）",Many say that the confinement of prisoners to solitary cells is inhumane.,"社会・国家, 英検",,,,,
rampant,蔓延した、はびこった,"Due to rampant corruption, bribing government officials is basically a requirement.","医療・健康, 数量・論理, 社会・国家, 英検",3,,,,rampant
casualty,死傷者、被害者、犠牲者,The D-Day invasion resulted in heavy casualties for both the Allied and German forces.,"数量・論理, 社会・国家, 英検",4,,,,casualty
recipient,受け手、受益者,I added her email address to the recipient list.,"人・職業, 英検",4,,,,recipient
overrun,制圧する、侵略する、超過する、超過,The royal family fled while the city was being overrun by enemy troops.,"数量・論理, 社会・国家, 英検",4,,,,overrun
"infect
infection
infectious","感染する
伝染病
伝染性の、うつりやすい",Infectious diseases have spread over the region.,"医療・健康, 英検",3,,,,infect
"revolt
revolting","反乱、暴動、反乱を起こす、不快にさせる
非常に不愉快な",The revolt was mostly led by young adults in their late teens and early twenties.,"優劣・是非, 感情・思考, 社会・国家, 英検",4,,,,revolt
"taxonomy
taxonomic","分類学
分類学の、分類上の",The taxonomic diversity of bees is being challenged by climate change.,"教育・学校, 英検",4,,,,taxonomy
"divert
diversion","進路を変える、転用する、（注意などを）そらす
（進路や用途の）転換","Construction to divert the river started.
The flight was diverted to Osaka because of bad weather.","位置・方向, 英検",3,,,,divert
tremendous,非常に大きい、素晴らしい,Paying for the lawsuit was a tremendous burden for the company.,"優劣・是非, 数量・論理, 英検",3,,,,tremendous
simplistic,単純すぎる,The author’s simplistic explanation of the concept leaves out important details.,英検,4,,,,simplistic
uphold,（法や制度、主義などを）守る,The conservative politician is dedicated to upholding traditional family values.,"感情・思考, 英検",4,,,,uphold
"viable
viability","実行可能な、成功の見込める
実行可能性",The proposed marketing campaign is not viable because it would be too expensive.,英検,3,,,,viable
ravage,破壊する、荒廃させる、荒廃,"The country was ravaged by the disease, which killed millions.","社会・国家, 英検",4,,,,ravage
"overstate
overstatement","大げさに話す、誇張する
誇張",The company has been criticized for overstating the effectiveness of the new drug.,"会話・伝達, 英検",4,,,,overstate
spur,促進する、刺激する、拍車をかける、動機づけるもの、拍車,"Based on this theory, lower taxes should spur economic growth.","影響・妨害, 感情・思考, 英検",4,,,,spur
overthrow,転覆させる,"In 1959, Fidel Castro and his rebels overthrew the Cuban government.","社会・国家, 英検",4,,,,overthrow
"infamous
infamy","悪名高い
悪名、汚名",Al Capone was an infamous crime boss during the Prohibition era in the United States.,"カタカナ・象徴語, 優劣・是非, 英検",3,,,,infamous
surpass,超える、勝る,He had surpassed her ability and no longer needed her as a teacher.,"数量・論理, 英検",3,,,,surpass
socioeconomic,社会経済的な,Access to education is often affected by socioeconomic factors such as income and race.,"ビジネス・経済, 社会・国家, 英検",4,,,,socioeconomic
mortgage,住宅ローン、抵当、担保,"Due to the financial crisis, many homeowners cannot pay their mortgages.","カタカナ・象徴語, ビジネス・経済, 英検",4,,,,mortgage
"displace
displacement","立ち退かせる、追い出す
強制退去",The war has already displaced hundreds of thousands of people.,"位置・方向, 英検",4,,,,displace
specimen,標本、サンプル,The scientist collected a specimen of the strange insect for further study.,"カタカナ・象徴語, 英検",4,,,,specimen
uprising,反乱、暴動,The French Revolution was one of the most significant uprisings in modern times.,"社会・国家, 英検",4,,,,uprising
forefront,最前線,The research institute is at the forefront of dementia research.,"位置・方向, 便利, 英検",3,,,,forefront
quota,分担、ノルマ,That branch did not meet its quota for new customers this year.,"カタカナ・象徴語, ビジネス・経済, 英検",3,,,,quota
"inject
injection","注入する、注射する
注射",She closed her eyes as the doctor injected the needle into her arm.,"医療・健康, 英検",3,,,,inject
assault,襲う、暴行する、暴行,He was assaulted by three men on his way home.,"社会・国家, 英検",3,,,,assault
"delegate
delegation","任せる、委託する、派遣する、代表者
委任、代表派遣",His company will not grow unless he learns to delegate some of his tasks.,"ビジネス・経済, 人・職業, 英検",4,,,,delegate
sway,影響を与える、左右する、揺れる、揺れ動く、影響（力）,The party leader’s powerful speech swayed the voters.,"位置・方向, 動作, 影響・妨害, 英検",4,,,,sway
thrive,育つ、繁栄する、成功する,The plant thrives in bright sunlight and requires little water.,"生物・動物, 社会・国家, 英検",3,,,,thrive
"credible
credibly
credibility","信用できる
確実に
信用、信頼性",The evidence presented at the trial damaged her credibility as a withness.,"ビジネス・経済, 感情・思考, 英検",4,,,,credible
"gene
genetic
genetically","遺伝子
遺伝子の、遺伝学的な
遺伝子的に、遺伝学的に",Genetically engineered crops have become controversial in recent years.,"生物・動物, 英検",3,,,,gene
"contaminate
contamination
contaminant","汚染する
汚染
汚染物質",The factory was contaminating the nearby river with toxic waste.,"地理・気候, 物理・化学, 社会・国家, 英検",3,,,,contaminate
roam,歩き回る、放浪する,They let their pet rabbits roam around freely in their backyard.,"動作, 英検",4,,,,roam
"hypothesis
hypothetical
hypothesize","仮説
仮定の
仮定する",Their hypothesis was supported by the results of the tests that were conducted.,"便利, 英検",3,support,,,hypothesis
"enact
enactment","制定する
制定、立法、法律",The government enacted a new law to protect endangered wildlife.,"社会・国家, 英検",4,,,,enact
livestock,家畜,She decided to become vegetarian after watching a film about commercial livestock production.,"生物・動物, 英検",4,,,,livestock
warfare,戦争、戦闘,The use of drones has become a common aspect of modern warfare.,"社会・国家, 英検",4,,,,warfare
"migrate
migration
mirgratory
migrant","移住する
移住、移動
移住性の、回遊性の
移住者",Tourists visit the Serengeti each year to witness the migration of the wildebeest.,"人・職業, 位置・方向, 社会・国家, 英検",3,,,,migrate
"pharmacy
pharmaceutical","薬局
製薬の、薬剤の",The pharmaceutical company is best known for its popular brand of painkillers.,"医療・健康, 英検",4,,,,pharmacy
envision,想像する,They tried to envision the future of their community.,"感情・思考, 英検",4,,,,envision
"implement
implementation","実行する、履行する、道具、用具
実行",The government cannot implement this new plan without raising taxes.,"社会・国家, 英検",3,,,,implement
"skeptical
skepticism
skeptic","懐疑的な
懐疑的な人
懐疑的態度","While the CEO insisted that the company’s sales would improve, many employees remained skeptical.","人・職業, 感情・思考, 英検",3,,,,skeptical
drawback,（状況・考えなどの）欠点,"There are some drawbacks to being famous, such as a lack of privacy.","便利, 優劣・是非, 英検",4,,,,drawback
outright,完全に、全面的に、ずばりと、公然と、即座に、完全な、あからさまな,The city has banned smoking outright in outdoor public space.,"時間・頻度, 程度・確度, 英検",4,,,,outright
proponent,擁護者、支持者,The doctor was one of the first proponents of the new medical treatment.,"人・職業, 感情・思考, 英検",4,,,,proponent
indigenous,固有の、先住の,The indigenous people welcomed the settlers when they first arrived.,"地理・気候, 英検",4,,,,indigenous
"manipulate
manipulation
manipulative","操作する、巧みに仕向ける
改ざん
巧みに操るような",The large monopoly has the ability to manipulate prices.,英検,3,,,,manipulate
fortress,要塞、城塞,The fortress was built 300 years ago and is now a tourist attraction.,"社会・国家, 英検",4,,,,fortress
"juxtapose
juxtaposition","（比較対照のために）並べる、並置する
並置、併記",The photo juxtaposes the appearance of a forest before and after it has been chopped down.,"位置・方向, 英検",4,,,,juxtapose
partake,参加する,All employees are encouraged to partake in the upcoming charity event.,英検,4,,,,partake
"embroider
embroidery","（話などを）潤色する、脚色する、刺繍する
脚色、刺繍",She always embroiders her stories with exciting details.,"会話・伝達, 英検",4,,,,embroider
"atone
atonement","償いをする
償い、罪滅ぼし",He decided to leave his position as president as atonement for his wrongdoings.,"社会・国家, 英検",4,,,,atone
caveat,警告、忠告,There are a number of caveats written in her contract.,英検,4,,,,caveat
"mirth
mirthful",はしゃぐこと、浮かれ騒ぐこと,The children’s laughter brings much mirth to the small park outside her home.,"感情・思考, 英検",4,,,,mirth
luscious,（味や香りが）とても良い,The tart is toped with a luscious homemade whipped cream.,"優劣・是非, 英検, 食べ物・料理",4,,,,luscious
cleave,（人や思想に）執着する、忠実である,"The two were determined to cleave to their original positions, so the argument was never resolved.","感情・思考, 英検",4,,,,cleave
gripe,不平、愚痴、（だらだらと）文句を言う,My only gripe with this smartphone is the size of the screen.,"会話・伝達, 感情・思考, 英検",4,,,,gripe
"fiend
fiendish","悪魔、残忍な人
悪魔のような、残忍な",The man approached her with a fiendish look on his face.,"性格・態度, 英検",4,,,,fiend
craze,（一時の）熱狂、大流行,Running has become the latest craze to sweep the country.,"感情・思考, 英検",4,,,,craze
squint,目を凝らす、目を細めて見る,"She did not have her glasses, so she needed to squint in order to read the sign.","動作, 英検",4,,,,squint
fathom,理解する、推測する,I could not fathom why she said things like that.,"感情・思考, 英検",4,,,,fathom
intractable,解決困難な、手に負えない、治りにくい,This book discusses the intractable problems with an aging society.,"医療・健康, 英検",4,,,,intractable
"chivalry
chivalrous","（男性の）勇敢さ、（女性への）親切さ、騎士道精神
勇敢な、親切な、騎士道の",She dreamed of meeting a chivalrous man like the ones in the stories she read.,"性格・態度, 英検",4,,,,chivalry
acolyte,部下、助手、取り巻き,The president counseled one of his most faithful acolytes.,"ビジネス・経済, 人・職業, 英検",4,,,,acolyte
"inane
inanity","ばかげた、無意味な
無意味",The actress was fed up with being asked lots of inane questions.,"優劣・是非, 英検",4,,,,inane
"expiate
expiation","償う
償い",I would do anything to expiate my guilt.,"社会・国家, 英検",4,,,,expiate
"dilate
dilation",（体の器官を）広げる、広がる、拡張する,He was looking at the scene with eyes dilated and month open.,"動作, 医療・健康, 英検",4,,,,dilate
purvey,提供する、調達する,"The store purveys a wide range of goods, from clothing to home appliances.","ビジネス・経済, 英検",4,,,,purvey
swill,がぶがぶ飲む、洗い流す,He stuffed himself full of burgers while swilling beer.,"カタカナ・象徴語, 英検, 食べ物・料理",4,,,,swill
torrid,情熱的な、熱烈な、灼熱の、からからに乾いた,His latest novel is based on his torrid love affair.,"地理・気候, 感情・思考, 英検",4,,,,torrid
bicker,ささいなことで口論する,They are always bickering about what to eat for lunch.,"会話・伝達, 英検",4,,,,bicker
"statute
statutory","法規、法令
法定の、法令の",The statutory speed limit on this road is 40 kilometers per hour.,"社会・国家, 英検",4,,,,statute
warden,監視員、管理人,"As a wildlife specialist, he has spent 20 years as a park warden.","人・職業, 英検",4,,,,warden
lure,誘い出す、魅力,The low cost of living is luring many new residents from overseas.,"優劣・是非, 英検",4,,,,lure
"inclement
inclemency","（天候が）荒れ模様の、厳寒の
（天候の）厳しさ",The flight had to be canceled due to the inclement weather.,"地理・気候, 英検",4,,,,inclement
"prophesy
prophecy
prophetic
prophet","予言する
予言
予言的な、予言者の
予言者",His novel later proved to be prophetic.,"人・職業, 時間・頻度, 英検",4,,,,prophesy
"reciprocate
reciprocation
reciprocal","（同じ行為を）相手に返す
返礼、お返し
相互の",I would like to reciprocate your hospitality someday.,英検,4,,,,reciprocate
"ascetic
ascetically
asceticism","禁欲主義の、苦行の
禁欲的に
禁欲主義",He lived a very ascetic life for a long time.,"性格・態度, 感情・思考, 英検",4,,,,ascetic
"attune
attuned","慣れさせる
慣れて、順応して",It took long for me to become attuned to the customs of the country.,英検,4,,,,attune
"haughty
haughtily","高慢な、横柄な
高慢に",The haughty attitude of the wealthy man makes many people dislike him.,"性格・態度, 英検",4,,,,haughty
"blaspheme
blasphemy
blasphemous","冒涜する
冒涜、不敬
冒涜的な",Criticism of the religion’s scriptures is considered blasphemy by its believers.,"宗教・哲学, 英検",4,,,,blaspheme
stalwart,熱心な、熱心な支持者,They are stalwarts of our volunteer activities.,"人・職業, 感情・思考, 英検",4,,,,stalwart
impregnable,揺るがない、動じない、難攻不落の,Her position as the leading figure seems impregnable.,英検,4,,,,impregnable
"inert
inertia","動作が鈍い、不活発な
ものぐさ、怠惰、惰性、慣性",She could not throw off the feeling of inertia after her afternoon nap.,"医療・健康, 性格・態度, 物理・化学, 英検",4,,,,inert
servitude,隷属、服従,A lot of people are in a state of servitude in that country.,"社会・国家, 英検",4,,,,servitude
elongate,長くする、伸ばす,She wore high heels to elongate her legs.,"形・材質, 英検",4,,,,elongate
courier,配達人、配達業者,We use a courier service to deliver our packages.,"ビジネス・経済, 人・職業, 英検",4,,,,courier
tingle,ひりひりする、ちくちくする,His arm was tingling because he had been sleeping on it.,"カタカナ・象徴語, 医療・健康, 英検",4,,,,tingle
stymie,妨害する、邪魔する,The moving plan has been stymied by land contamination problems.,英検,4,,,,stymie
garrulous,おしゃべりな,"After she drank a few glasses of wine, she became garrulous.","性格・態度, 英検",4,,,,garrulous
"bereaved
bereavement","最近家族（親友）を亡くした、あとに残された
家族（親友）の死",The company announced they would compensate the bereaved family.,"人・職業, 英検",4,,,,bereaved
"treason
treasonable","反逆（罪）
反逆の、裏切りの",They were convicted of treason for passing nuclear secrets to the enemy nation.,"社会・国家, 英検",4,,,,treason
matriculate,入学する,He matriculated at Harvard University in 1988.,"教育・学校, 英検",4,,,,matriculate
cardinal,非常に重要な、基本的な,Respect for basic human rights is a cardinal principle of the Constitution of Japan.,"優劣・是非, 英検",4,,,,cardinal
kindred,同類の、よく似た、血縁の、親類の,I do not believe in ghosts and kindred phenomena.,英検,4,,,,kindred
rumple,くしゃくしゃにする、くしゃくしゃになる、しわ,The man rumpled his hair with his hands.,"カタカナ・象徴語, 動作, 英検",4,,,,rumple
dribble,垂らす、垂れる、ドリブルする、したたり,I accidentally dribbled some coffee on my shirt.,"カタカナ・象徴語, スポーツ, 形・材質, 英検",4,,,,dribble
addendum,追加物、補遺,This report is provided as an addendum to the earlier document.,"教育・学校, 英検",4,,,,addendum
"redolent
redolence","芳香のする
芳香","When she entered the bakery, it smelled a redolence of sweet cinnamon.",英検,4,,,,redolent
"remit
remission
remittance","送金する、免じる
送金
免除、減刑",Please remit payment by cash or check.,"ビジネス・経済, 社会・国家, 英検",4,,,,remit
angst,（将来などに対する）「不安、苦悩,Many young people at that age are full of angst.,"感情・思考, 英検",4,,,,angst
banish,追い払う、追放する,He was banished from the baseball world because of the scandal.,"社会・国家, 英検",4,,,,banish
irresolute,優柔不断な、決断力のない,They were too irresolute to take swift action.,"性格・態度, 英検",4,,indecisive,,irresolute
"ferocious
ferocity","どう猛な、（天気や感情が）激しい
どう猛さ",The boat’s passengers were lucky to escape the ferocious hipo.,"地理・気候, 感情・思考, 生物・動物, 英検",4,,,,ferocious
waver,動揺する、迷う、動揺、躊躇い,She never wavered in her opposition to the war.,"感情・思考, 英検",4,,,,waver
ameliorate,改善する,They are striving to ameliorate educational quality.,英検,4,,,,ameliorate
inimical,有害で、不利で,Such an extreme ideology is inimical to the social order.,"優劣・是非, 英検",4,,,,inimical
"submit
submissive
submission","提出する、服従する
従順な、言うことを聞く
提出、服従、降伏",The manager sees him as a submissive worker.,"性格・態度, 英検",3,,,,submit
"extort
extortion
extortionate","（金銭などを）巻き上げる、強要する
恐喝、強要
（価格や要求が）法外な",They attempted to extort large sums of money from Carol.,"ビジネス・経済, 社会・国家, 英検",4,,,,extort
spoof,パロディー、もじり,The movie was a spoof of Star Wars.,"カタカナ・象徴語, 英検",4,,,,spoof
"undulate
undulation","起伏に富む、波打つ
波動、うねり",The path undulates gently alongside a river.,"地理・気候, 形・材質, 英検",4,,,,undulate
specter,不安、恐怖、幽霊、亡霊,The citizens live in fear of the specter of war.,"感情・思考, 英検",4,,,,specter
chunky,厚手の、どっしりとした、ずんぐりとした,He wore a chunky sweater and looked chic.,"形・材質, 英検",4,,,,chunky
pliable,曲がりやすい、柔軟な,"The material is both pliable and durable, making it perfect for gloves.","形・材質, 英検",4,,,,pliable
"promulgate
promulgation","（考えなどを）広める、宣伝する、（法律などを）公布する
普及、公布",He succeeded in promulgating his ideas through the media.,"感情・思考, 社会・国家, 英検",4,,,,promulgate
"devout
devoutly","信心深い、敬虔な
信心深く",He is a devout Christian.,"宗教・哲学, 英検",4,,,,devout
aperture,隙間、割れ目,We entered the cave through a narrow aperture.,英検,4,,,,aperture
"jubilant
jubilation
jubilee","歓喜に満ちた
歓喜、歓声
記念祭、祝祭",Fans of the team were jubilant when it finally won a championship.,"社会・国家, 英検",4,,,,jubilant
"cavern
cavernous","大きな洞窟、広く暗い部屋
（洞窟のように）だだっ広い",The seminar was held in a cavernous hall.,英検,4,,,,cavern
bedraggled,ぐしょぐしょの、汚れた,A bedraggled man was taking shelter from the rain under a tree.,"カタカナ・象徴語, 英検",4,,,,bedraggled
incisive,鋭い、的確な,Her newsletter’s incisive analyses of market trends make it popular among investors.,英検,4,,,,incisive
"eponym
eponymous","エポニム
作品名と同名の",The film Forrest Gump tells the story of its eponymous hero’s journey from childhood to adulthood.,"カタカナ・象徴語, 英検",4,,,,eponym
ponderous,"（重々しくて）退屈な、つまらない
のっそりした、鈍重な",His latest book was ponderous rather than philosophical.,"優劣・是非, 英検",4,,,,ponderous
burnish,磨く、つやを出す,I burnished the silver ring to get it to shine again.,"動作, 英検",4,,,,burnish
rebate,払い戻し金,Just mail this form to get the $50 rebate for the printer.,"カタカナ・象徴語, ビジネス・経済, 英検",3,,,,rebate
"fortuitous
fortuitously","偶然の、思いがけない
偶然に、思いがけず",Our visit to the city fortuitously coincided with its summer festival.,"感情・思考, 英検",4,,,,fortuitous
provident,将来に備えた、将来のために倹約する,You should lead a more provident life.,"ビジネス・経済, 英検",4,,,,provident
gaudy,派手な、けばけばしい,Her gaudy dress got everyone’s attraction.,英検,4,,,,gaudy
"accredit
accreditation","認可する
正式な認可",The government withdrew accreditation from the college.,"社会・国家, 英検",4,,,,accreditation
"sedate
sedation","落ち着いた、物静かな
鎮静状態",The hotel is located in a sedate town.,"性格・態度, 英検",4,,,,sedate
"stolid
stolidity","感情を表に出さない、無感動な
無表情、無感動",The accused remained stolid even when he received a sentence of death.,"感情・思考, 英検",4,,,,stolid
trounce,完全に打ち負かす、完勝する,Our team was trounced 10 to 2 in the last game.,"スポーツ, 英検",4,,,,trounce
demur,（穏やかに）異議を唱える,"When asked to invest, she demurred, saying that she was looking for more stable investments.","会話・伝達, 英検",4,,,,demur
garble,誤って伝える,"After I hung up the phone, I realized I garbled my address.","会話・伝達, 英検",4,,,,garble
contraption,変わった機械（器具）,He built a contraption that can make seawater drinkable.,英検,4,,,,contraption
linkage,繋がり、関連,We could not find any linkage between the two incidents.,英検,4,,,,linkage
"repulse
repulsive
repulsion","嫌悪感を抱かせる
嫌悪感を催させる、不快な
嫌悪、反感",The smell was so repulsive that she had to leave the room.,"優劣・是非, 感情・思考, 英検",4,,,,repulse
gradient,勾配、傾斜,This car drives smooth even on roads with steep gradients.,"位置・方向, 英検",4,,,,gradient
"snip
snippet","はさみで切る、はさみで切ること（音）
小片、切れ端、断片、抜粋",She snipped some parsley from her garden and put it in the soup.,"便利, 動作, 英検",4,,,,snip
"inter
interment","埋葬する
埋葬",He was interred next to his wife.,英検,4,,,,inter
"contravene
contravention","違反する
違反",The construction company was fined for contravening safety regulations.,"社会・国家, 英検",4,,violate,,contravene
"conscript
conscription","徴兵する
徴兵（制度）",The country has a mandatory conscription for all of its male citizens.,"社会・国家, 英検",4,,,,conscript
"acquiesce
acquiescence","黙認する、受け入れる
黙認","After much negotiation, the company acquiesced to the demands of its employees.","会話・伝達, 英検",4,,,,acquiesce
tubby,ずんぐりした、太った,She is quite pleased with her tubby mug.,"形・材質, 性格・態度, 英検",4,,,,tubby
waylay,どこかに行こうとする人を呼び止める,The actress was waylaid by a group of reporters.,"会話・伝達, 英検",4,,,,waylay
"incredulous
incredulity","信じようとしない、疑うような
疑い深さ",He was incredulous when his wife said they had won the lottery.,"性格・態度, 感情・思考, 英検",4,,,,incredulous
"senile
senility","老齢による、もうろくとした
老年、老衰",That patient suffers from senile dementia.,"医療・健康, 英検",4,,,,senile
"ebullient
ebullience","エネルギーに溢れた
エネルギー、情熱",His daughter’s delightful ebullience always brings a smile to his face.,"カタカナ・象徴語, 性格・態度, 英検",4,,,,ebullient
luminary,著名人、大御所、大家,He is known today as one of the luminaries of 19th century science.,"人・職業, 英検",4,,,,luminary
"entreat
entreaty","懇願する
懇願、嘆願",They would not listen to our entreaties.,"依頼, 英検",4,,,,entreat
jinx,不運、不運をもたらすもの（人）,There seemed to be a jinx on the project from the beginning.,"カタカナ・象徴語, 人・職業, 優劣・是非, 英検",4,,,,jinx
glib,口先だけの、軽薄な,Many people dislike how the candidate gives glib answers to questions on complex issues.,"性格・態度, 英検",4,,,,glib
crabby,不機嫌な、気難しい,She is in a crabby mood because she did not get much sleep last night.,"性格・態度, 英検",4,,,,crabby
"annihilate
annihilation","全滅させる、絶滅させる
全滅、絶滅",The president has vowed to annihilate terrorists.,英検,4,,,,annihilate
snarl,（犬などが）唸る,My neighbor’s dog always snarls at me.,"生物・動物, 英検",4,,,,snarl
belittle,軽んじる、見くびる,"His sister was jealous, so she tried to belittle his accomplishments.",英検,4,,,,belittle
"egalitarian
egalitarianism","平等主義の
平等主義",No state in human history has managed to create a completely egalitarian society.,"感情・思考, 社会・国家, 英検",4,,,,egalitarian
"arrears
in a arrear","滞納、未払金
支払いが遅れて",His rent is 10 days in arrears.,"ビジネス・経済, 英検",4,,,,arrears
dispensation,特別な許し、分配（品）,The company has received a special dispensation from the government to produce the weapons.,英検,4,,,,dispensation
foist,押し付ける,She attempted to foist the blame for the broken vase onto her brother.,"社会・国家, 英検",4,,,,foist
crux,（問題や議論の）核心、最重要点,They held a meeting to find the crux of the problem and how to best solve it.,"便利, 英検",4,,,,crux
condiment,調味料、香辛料,Condiments are used to enhance flavor.,"英検, 食べ物・料理",4,,,,condiment
"delineate
delineation","詳述する、描写する
記述、描写",This paper delineates the current state of the Japanese economy.,"会話・伝達, 英検",4,,,,delineate
"defer
deferral","延期する
延期",The committee agreed to defer their decision.,"時間・頻度, 英検",4,,,,defer
consort,付き合う、一致する、調和する,There is a rumor that he consorts with the underworld.,"数量・論理, 英検",4,,,,consort
"tumult
tumultuous","騒動、大騒ぎ
騒々しい、激動の",The concert hall was in a state of tumult after the power went out.,"性格・態度, 英検",4,,,,tumult
"exult
exultant
exultation","大喜びする、狂喜する
大喜びの
大喜び、歓喜","During summer break, he exulted in his newfound freedom, playing video games all day.","感情・思考, 英検",4,,,,exlut
underwrite,融資を引き受ける,Not a few investors agreed to underwrite the project.,"ビジネス・経済, 英検",4,,,,underwrite
"indolent
indolence","怠惰な、不精な
怠惰、不精",His mother criticized his indolence general lack of motivation.,"性格・態度, 英検",4,,,,indolent
tantrum,かんしゃく、立腹,The young girl threw a tantrum when her father would not buy her the toy.,"感情・思考, 英検",4,,,,tantrum
"indemnify
indemnity","賠償する
賠償金、補填",She demanded indemnity for the damage caused by the accident.,"ビジネス・経済, 英検",4,,,,indemnify
"convivial
conviviality","陽気な
陽気さ、賑やかさ",The lively party had a great sense of conviviality.,"性格・態度, 英検",4,,,,convivial
gratuity,心付け、チップ,The tour guide received a generous gratuity from one of the travelers.,"カタカナ・象徴語, ビジネス・経済, 感情・思考, 英検",4,,,,gratuity
"inoculate
inoculation",〜に予防接種する、予防接種,The school students have been inoculated against polio.,"医療・健康, 英検",4,,,,inoculate
"rue
rueful
ruefully","後悔する
後悔した、悔やむような、申し訳なさそうな
後悔して",He had a rueful smile on his face.,"感情・思考, 英検",4,,,,rue
"peddle
peddler","売り歩く、行商する
行商人",There are some trucks on the street peddling ice cream to kids.,"ビジネス・経済, 人・職業, 英検",4,,,,peddle
"contempt
contemptuous","軽蔑、蔑み
軽蔑した、ばかにした",She is contemptuous of people who do not have polite manners.,"会話・伝達, 感情・思考, 英検",4,,,,contempt
rancid,悪臭のする,The butter went rancid in a few days.,"優劣・是非, 英検, 食べ物・料理",4,,,,rancid
"exhilarate
exhilaration","高揚させる
高揚感、興奮",The crowd was in a state of exhilaration.,"感情・思考, 英検",4,,,,exhilarate
"logistic
logistically","兵たんの、業務を行うための
業務遂行上",Such tests are logistically difficult as they are time-consuming.,"ビジネス・経済, 英検",4,,,,logistic
harbinger,前兆、前触れ,"According to legend, ravens are harbingers of doom.","便利, 時間・頻度, 英検",4,,,,harbinger
obnoxious,非常に不快な、気に障る,The obnoxious teenagers sitting next to him at the restaurant were very loud.,"優劣・是非, 感情・思考, 英検",4,,,,obnoxious
"lax
laxity","緩い、甘い
甘さ、だらしなさ",The teacher is lax about enforcing the rules against eating in the classroom.,"性格・態度, 英検",4,,,,lax
debar,禁じる、締め出す、除外する,He was debarred from driving a car for three years.,英検,4,,,,debar
insignia,記章,The uniforms had the insignia signifying a soldier’s rank.,英検,4,,,,insignia
taint,傷つける、汚す、汚点、不名誉,The scandal tainted the politician’s reputation.,"優劣・是非, 英検",4,,,,taint
"celibate
celibacy","独身主義の、禁欲主義の、独身主義者
独身",He chose to live a celibate life because of his religious benefit.,"宗教・哲学, 英検",4,,,,celibate
"mutiny
mutinous","反乱
反抗的な、反乱に加わった",He sometimes shows a mutinous attitude toward his boss.,"性格・態度, 社会・国家, 英検",4,,,,mutiny
"infirm
infirmity","虚弱な
虚弱、病弱",Her death was due to the infirmities of age.,"医療・健康, 英検",4,,,,infirm
vociferous,やかましい、（文句や要求が）声高な,The activist is a vociferous critic of the corporation’s environmental record.,"性格・態度, 英検",4,,,,vociferous
malady,病気、病弊,"He is suffering from multiple maladies, including arthritis and heart disease.","優劣・是非, 医療・健康, 社会・国家, 英検",4,,,,malady
haggard,やつれた,She looked haggard after staying up all night programming.,"医療・健康, 英検",4,,,,haggard
"unabashed
unabashedly","恥じない、厚かましい
恥ずかしがらずに",He unabashedly admitted to his lack of knowledge about the topic.,"性格・態度, 感情・思考, 英検",4,,,,unabashed
"truant
truancy","ずる休みする生徒
ずる休み、無断欠席",His parents were furious when they learned of his truancy.,"人・職業, 教育・学校, 英検",4,,,,truant
collation,照合、対照,The team is responsible for the collation of data.,"数量・論理, 英検",4,,,,collation
prerogative,特権,It is an author’s prerogative to tell the story he wants to tell.,"社会・国家, 英検",4,,,,prerogative
conflate,（複数の情報や考えを）まとめる、合成する,They are two different issues and should not be conlated.,英検,4,,,,conflate
levy,税、税金、課する、徴収する,The city plans to impose a levy on cars entering there.,"ビジネス・経済, 社会・国家, 英検",4,,,,levy
imperious,傲慢な、横柄な,She demanded  in an imperious tone.,"性格・態度, 英検",4,,,,imperious
"heretic
heretical
heresy","異端者、異教徒
異端、異端的主張
異端の",They were severely persecuted as heretics.,"人・職業, 宗教・哲学, 英検",4,,,,heretic
perverse,ひねくれた、屈折した,She seems to take a perverse pleasure in making her parents sand.,"形・材質, 感情・思考, 物理・化学, 英検",4,,,,perverse
bulge,膨れる、膨らむ、膨らみ、出っ張り,His bag was bulging with books.,"形・材質, 英検",4,,,,bulge
niggle,くよくよする、いらいらさせる,He tends to niggle over little details.,"感情・思考, 英検",4,,,,niggle
dredge,浚渫（しゅんせつ）する、さらう,They dredged the harbor and build a man-made island.,"地理・気候, 英検",4,,,,dredge
entourage,側近、取り巻き,The pop star is always accompanied by her entourage of bodyguards.,"人・職業, 社会・国家, 英検",4,,,,entourage
escapade,突飛な行動、羽目を外した行動、悪ふざけ,"As a teenager, he was involved in all sorts of crazy escapades.","優劣・是非, 英検",4,,,,excapade
"instantaneous
instantaneously","即座の、瞬間的な
即座に",The Internet makes it possible to get a nearly instantaneous answer to almost any question.,"時間・頻度, 英検",4,,,,instantaneous
lassitude,無気力、倦怠,Such a monotonous task brings a feeling of lassitude to workers.,"医療・健康, 英検",4,,,,lassitude
fumigate,燻蒸消毒する,I had my house fumigated to get rid of rats.,"医療・健康, 英検",4,,,,fumigate
"ascend
ascendant
asension","上がる
上がるような
上昇、上がること、昇進",She devoted her life to the ascension of blacks in society.,"ビジネス・経済, 位置・方向, 数量・論理, 英検",4,,,,ascend
impermeable,不浸透性の,Most modern building materials are impermeable to water.,"物理・化学, 英検",4,,,,impermeable
"rapture
rapturous","歓喜、有頂天
有頂天の、熱狂的な",She listened to him in rapture.,"感情・思考, 英検",4,,,,rapture
"levitate
levitation","空中に浮く
空中浮揚","To exhibit her magical powers, she levitated a few feet off the floor.","物理・化学, 英検",4,,,,levitate
"sect
sectarian","宗派、分派
宗派（間）の、分派（間）の",More than 100 people were killed in a sectarian conflict.,"宗教・哲学, 英検",4,,,,sect
blanch,青ざめる、熱湯に通す、湯がく,She blanched at the sight of the gigantic spider in her bathroom.,"感情・思考, 英検",4,,,,blanch
jumble,ごちゃ混ぜにする、混乱させる、混在,All of her necklaces in the jewelry box were jumbled together.,"感情・思考, 英検",4,,,,jumble
droop,垂れる、下向きになる,The plants were drooping from lack of water.,"位置・方向, 英検",4,,,,droop
dart,矢のように動く、進む、矢、突進,He darted into the classroom just before the class started.,"動作, 物, 英検",4,,,,dart
"avarice
avaricious","貪欲、強欲
貪欲な",All her actions were motivated by avarice.,"性格・態度, 英検",4,,,,avarice
nuisance,迷惑な人、厄介なこと,Spam emails are a nuisance.,"人・職業, 優劣・是非, 英検",4,,,,nuisance
woe,問題、トラブル、苦痛、悲痛,"Unless he gets a job, his financial woes will likely continue.","カタカナ・象徴語, 便利, 英検",4,,,,woe
"rustic
rusticity","田舎（風）の、素朴な
田舎らしさ",The cabin’s rustic atmosphere provides a relaxing escape from the city.,英検,4,,,,rustic
"deform
deformation","変形させる、歪める
変形、歪み",Scoliosis is a condition that deforms the shape of the spine.,英検,4,,,,deform
sidestep,（問題などを）回避する、はぐらかす,The candidate sidestepped the reporter’s question by changing the topic.,"カタカナ・象徴語, 英検",3,,,,sidestep
"emancipate
emancipation","（社会や法律の束縛から）解放する
解放",Abraham Lincoln emancipated the slaves in the United States in 1863.,"社会・国家, 英検",4,,,,emancipate
"retribution
retributive","報い、天罰
応報の、天罰の",The victims of the financial fraud are seeking retribution against the people responsible.,"宗教・哲学, 英検",4,,,,retribution
enamored,興味を持って、魅惑されて,She was immediately enamored with Berlin and vowed to live there permanently.,"感情・思考, 英検",4,,,,enamore
"consummate
consummation","非常に有能な、熟練した、〜を完全なものにする
完成、達成",The founders brought in a consummate professional to act as the CEO.,"優劣・是非, 英検",4,,,,consummate
"append
appendix","（注釈や補遺を）追加する
補遺",She appended the latest data to the report on sales growth.,"教育・学校, 英検",4,,,,append
dissemble,隠す、偽る,She dissembled about her true reasons for defacing public property.,"会話・伝達, 英検",4,,,,dissemble
deface,外観を損なわせる,The graffiti artist was arrested for defacing public property.,"優劣・是非, 英検",4,,,,deface
progeny,子孫,Over 10 percent of the American population is the progeny of German immigrants.,"人・職業, 英検",4,,,,progeny
throb,ずきずき痛む、ドキドキする,His finger throbbed with pain after he smashed it in the door.,"カタカナ・象徴語, 医療・健康, 感情・思考, 英検",4,,,,throb
effigy,（嫌われる人物の）像、人形,The effigy of the dictator was burned in potest.,"人・職業, 英検",4,,,,effigy
gaunt,ひどく痩せた,She looked gaunt after losing so much weight.,"医療・健康, 英検",4,,,,gaunt
embolden,勇気づける、大胆にする,He was emboldened by the positive feedback he received from his teacher.,"感情・思考, 英検",4,,,,embolden
"efficacy
efficacious","効能、効き目
有効な、効き目のある","The medication was efficacious, with all of the patient’s symptoms disappearing.","優劣・是非, 医療・健康, 英検",4,,,,efficacy
"genial
genially
geniality","愛想の良い、陽気な、温暖な
愛想良く
愛想の良さ","She is a genial host, and everyone enjoys attending her dinner parties.","優劣・是非, 性格・態度, 英検",4,,,,genial
impound,押収する、没収する,The police arrested him for driving without a license and impounded his car.,"社会・国家, 英検",4,,,,impound
guzzle,がぶがぶ飲む、がつがつ食う,"He used to guzzle coffee every morning, but now he does not drink caffeine at all.","英検, 食べ物・料理",4,,,,guzzle
snare,罠、誘惑,He set out several snares but did not catch any rabbits.,"感情・思考, 生物・動物, 英検",4,,,,snare
engulf,（波や炎が）飲み込む、（感情などが）襲う,"Within only a few minutes, the flames had engulfed the entire building.","感情・思考, 社会・国家, 英検",4,,,,engulf
"equivocal
equivocate","曖昧な
曖昧なことを言う、言葉を濁す",The prime minister equivocated when questioned on that subject,"会話・伝達, 英検",4,,,,equivocal
emblazon,飾る,The team’s logo is emblazoned on the front of the players’ jerseys.,英検,,,,,emblazon
urbane,洗練された、落ち着いた物腰の,His urbane wit and charm make him popular among company clients.,"性格・態度, 英検",4,,,,urbane
disgruntled,不満な、不機嫌な,The manager was able to professionally deal with the disgruntled customer.,"感情・思考, 英検",4,,,,disgruntled
cajole,おだてる、丸め込む,She cajoled her brother into going on a date with her coworker.,"会話・伝達, 英検",4,,,,cajole
lackluster,冴えない、活気のない,"Despite high expectations, he delivered a lackluster performance in the championship match.","優劣・是非, 英検",4,,,,lackluster
shrewd,頭の切れる、やり手の、鋭い,Sherlock Holmes is an amazingly shrewd observer of fine details.,"性格・態度, 英検",4,,,,shrewd
demean,品位を落とす,His comments like that demean the accomplishments of scientific researchers.,"優劣・是非, 英検",4,,,,demean
gimmick,からくり、仕掛け,The claim that the product is “hormone free” is just a marketing gimick.,"カタカナ・象徴語, 便利, 英検",2,,,,gimmick
eavesdrop,盗み聞きする、立ち聞きする,He could not help but eavesdrop on the couple arguing at the table next to his.,"会話・伝達, 英検",4,,,,eavesdrop
"tantalize
tantalizing","じらす、じらして苦しめる
じらすような、欲望をかき立てるような",The tantalizing aroma of freshly baked bread attracts a lot of customers to the bakery.,"優劣・是非, 英検",4,,,,tantalize
hitch,（一時的な）障害、支障,"Despite their concerns, the conference wet off without a hitch.","優劣・是非, 英検",4,,,,hitch
"vulgar
vulgarity","下品な、卑猥な、粗野な
下品、俗悪",His joke was so vulgar that no one laughed.,"優劣・是非, 英検",4,,,,vulgar
"incarnate
incarnation","人の姿を取ること、肉体化、具体化
人の姿をした",The statue was meant to be the incarnation of the motherly love.,"宗教・哲学, 英検",4,,,,incarnate
"belated
belatedly","遅れた、遅すぎた
遅れて、遅ればせながら","Decades after releasing the novel, he was belatedly recognized for its brilliance.","時間・頻度, 英検",4,,,,belated
strut,誇らしげに歩く、気取って歩く,The models strutted down the runway in the latest fashion.,"動作, 感情・思考, 英検",4,,,,strut
outage,供給停止,"The heavy rain caused power outages, which affected thousands of people.","ビジネス・経済, 物理・化学, 英検",3,,,,outage
"germinate
germination","発芽する
発芽","After you plant the seed, it will usually take a week or two to germinate.","生物・動物, 英検",4,,,,germinate
sanctuary,鳥獣保護区域,This wildlife sanctuary is inhabited by a wide range of birds and animals.,"生物・動物, 英検",4,,,,sanctuary
"bounty
bountiful","気前の良さ
気前の良い、豊富な",We enjoyed a bountiful harvest of rice last year.,"性格・態度, 数量・論理, 英検",4,,,,bounty
mystique,神秘的な雰囲気,"The cafe has a certain mystique, attracting people from all over the world.","優劣・是非, 英検",4,,,,mystique
crest,頂上、尾根、波頭,The church stands on the crest of the hill.,"地理・気候, 英検",4,,,,crest
"denominated
denomination","（通貨が）〜建ての
貨幣の単位、宗派、教派",He asked to receive the money in small denominations.,"ビジネス・経済, 宗教・哲学, 英検",4,,,,denominated
lineage,家系、系統,The family’s lineage can be traced all the way back to the 6th century.,英検,4,,,,lineage
pledge,誓う、誓約、公約,The company has pledged to match all donations made to the organizations this week. その会社は、今週その団体に寄せられた全寄付金と同額を寄付すると約束した,"英検, 計画・予定",3,,,,pledge
purported,〜と称されている,The purported value of the company turned out to be wrong when they tried to sell it.,英検,4,,,,purported
"maternity / paternity
maternal / paternal","妊婦の、母性 / 父であること、父性
母の、母親らしい / 父の",He refused to admit paternity or pay child support. 彼は父親であると認めず、養育費の支払いも拒否した,"人・職業, 教育・学校, 英検",3,,,,maternity
paragon,模範、手本,The country has been considered to be the paragon of the welfare state.,"便利, 英検",4,,,,paragon
vicarious,自分のことのように感じる、代理の,She gets a vicarious thrill from reading the exciting books.,"ビジネス・経済, 感情・思考, 英検",4,,,,vicarious
efface,取り除く、消し去る,Dozens of years of use has effaced the letters on the coin.,英検,4,,,,efface
"transcend
transcendent
transcendence","限界を超える、勝る、凌ぐ
卓越した、抜群の
超越",The concept of eternity transcends the limits of our understanding.,"優劣・是非, 英検",4,,,,transcend
"cast out
outcast","追放する
追放された人、のけ者","Instead of finding acceptance in the new community, she was treated as an outcast.","人・職業, 英検",4,,,,cast out
impoverish,貧乏にする、貧弱にする,The recession has impoverished many families who are now relying on government support.,英検,4,,,,impoverish
repository,収納庫、保管場所,The remote underground location is used as a repository for nuclear waste.,"IT・工学, 英検",3,,,,repository
shoddy,粗悪な、手抜きの,Consumers have a right to be compensated for shoddy goods.,"優劣・是非, 英検",4,,,,shoddy
"obstruct
obstructive
obstruction","妨げる
妨害的な
妨害、遮断","A fallen tree was obstructing the road, which caused a traffic jam.",英検,3,,,,obstruct
sabotage,破壊する、妨害する、破壊工作,The laid-off engineer is accused of sabotaging various computer systems within the company.,"カタカナ・象徴語, 社会・国家, 英検",4,,,,sabotage
"patron
patronize
patronage","後援者
支援する、贔屓にする
後援、支援、愛顧",We would like to thank our donors for their patronage of our small museum.,"人・職業, 感情・思考, 英検",3,,,,patron
"recalcitrant
recalcitrance","反抗的な、強情な
反抗的なこと",The teachers found it difficult to handle the recalcitrant students.,"感情・思考, 英検",4,,,,recalcitrant
squash,押しつぶす,Her husband squashed the bug with his shoe.,"動作, 英検",4,,,,squash
"blunt
bluntly","無遠慮な
無遠慮に、単刀直入に","To put it bluntly, that is an illegal activity.","性格・態度, 英検",4,,,,blunt
"malice
malicious","悪意、敵意
悪意のある",That is a horrible crime committed out of pure malice.,"感情・思考, 英検",4,,,,malice
"interminable
interminably","果てしなく続く、際限のない
果てしなく、延々と","She needed to use the restroom, so the wait to get off the plane seemed interminable.","時間・頻度, 英検",4,,,,interminable
"sloth
slothful","怠惰、無精、ナマケモノ
怠惰な","Sloth has been criticized since ancient times, as societies need everyone to contribute.","性格・態度, 生物・動物, 英検",4,,,,sloth
limp,柔弱な、弱々しい,His legs suddenly went limp and he could not stand on his own.,"医療・健康, 英検",4,,,,limp
shove,押す、押しのける,He shoved the ticket into his pants pocket.,"動作, 英検",4,,,,shove
wean,離乳させる、徐々にやめさせる,She started to wean her baby off of milk after he turned seven months old.,"教育・学校, 英検",4,,,,wean
fling,投げつける、さっと投げる,He flung the heavy net off the side of the boat.,"動作, 英検",4,,,,fling
layover,途中下車、一時的滞在,They had a layover in Seattle on their way to Tokyo.,"時間・頻度, 英検",4,,,,layover
grovel,ひれ伏す、卑屈な振る舞いをする,The servant groveled for forgiveness before the king.,"性格・態度, 感情・思考, 英検",4,,,,grovel
"gloss
glossy","光沢、つや
光沢のある、つやのある","At Bob’s Carwash, we will polish your vehicle to a high gloss.",英検,4,,,,gloss
"lenient
leniency","寛大な、甘い
寛大さ、寛容さ","She is a lenient teacher, so she often lets students turn in assignments late.","性格・態度, 英検",4,,,,lenient
sinister,邪悪な、悪意のある、不吉な,The story is about a villain’s sinister plot to overthrow the government.,"優劣・是非, 感情・思考, 英検",4,,,,sinister
flunk,不合格になる、落第する,Half of the students flunked their math test.,"教育・学校, 英検",4,,,,flunk
decor,装飾、内装,The decor of the restaurant makes you feel like you are in Thailand.,英検,4,,,,decor
derench,びしょ濡れにする、浸す,"She had to walk home without an umbrella, and she got drenched.",英検,4,,,,drench
mentor,よき指導者、助言者,Her mentor was very proud when she won the award.,英検,,,,,mentor
upstart,新興企業、成り上がり者、成金,The upstart Internet company was founded by three college roommates.,"ビジネス・経済, 人・職業, 英検",4,,,,upstart
"exterminate
extermination","皆殺しにする、根絶する
皆殺し、根絶、駆除",I will exterminate the cockroaches in my house.,"生物・動物, 英検",4,,,,exterminate
insidious,知らない間に進行する,They called attention to the insidious problems.,英検,4,,,,insidious
in layman’s terms,分かりやすく言えば、平たく言えば,"In layman’s terms, the treatment helps your body fight off the virus.","意見・説明, 接続, 英検",3,,,,in layman’s terms
"guise
under the guise of","外観、見せかけ
〜を装って、〜を口実に",The government introduced the new restrictions under the guise of national security.,英検,4,,,,guise
"menace
menacing
menacingly","脅威、危険（なもの）
脅迫的な
脅迫的に",The pack of stray dogs is a menace to the neighborhood.,英検,4,,,,menace
pretext,口実、言い訳,He used a business meeting as a pretext for visiting his friends in New York.,"会話・伝達, 英検",4,,,,pretext
"discrepant
discrepancy","矛盾した、不一致の
矛盾、不一致",There is a discrepancy between the costs reported and the actual expenses.,"数量・論理, 英検",4,,,,discrepant
cripple,機能不全にする、麻痺させる,The plan was crippled by a lack of funds.,"優劣・是非, 英検",4,,,,cripple
surcharge,追加料金、割増料金、追加料金を請求する,The airline charges a surcharge for checked bags.,"ビジネス・経済, 英検",3,,,,surcharge
"decimate
decimation","（大量に）殺す、衰退させる
殺すこと、破壊","In this area, wild animals were decimated by housing development.","生物・動物, 社会・国家, 英検",4,,,,decimate
pinpoint,特定する、正確に示す、正確な、極小の,Doctors have struggled to pinpoint the cause of the patient’s symptoms.,英検,3,,,,pinpoint
"ascribe
ascription","〜の原因を帰する
帰すること",Many ascribe the success of the product to its unusual name.,"数量・論理, 英検",4,,,,ascribe
prone,（好ましくない）傾向がある,Those cars are prone to get stuck in the snow.,英検,3,,,,prone
"subsidy
subsidize","助成金
助成金を与える",The government subsidized farmers to make sure that they keep growing food.,"ビジネス・経済, 英検",3,,,,subsidy
entrust,委ねる、任せる,"While he was away, the president entrusted the management of the company to his assistant.","ビジネス・経済, 英検",4,,,,entrust
intact,損なわれていない、無傷で,"The ruins of Pompeii are remarkably intact, considering their age.","優劣・是非, 英検",4,,,,intact
"revere
reverent
reverence","崇敬する、崇める
敬虔な
敬意、尊敬",Gandhi is revered as a here for leading India to indipendence.,"宗教・哲学, 感情・思考, 英検",4,,,,revere
"galvanize
galvanic","衝撃を与える、活気づける、電流で刺激する
衝撃的な",Martin Luther King Jr.’s speech galvanized the public to support the civil rights movement.,"感情・思考, 英検",4,,,,galvanize
"ensue
ensuing","続いて起こる
続いて起こるような、次の","When the news was released to the public, chaos ensued.","数量・論理, 時間・頻度, 英検",4,,,,ensue
encompass,含む、取り囲む,This school district encompasses all of the city’s neighborhoods east of Park Avenue. この学区は、パークアベニューの東側の市の地区をすべて網羅している,"位置・方向, 英検",4,,,,encompass
slaughter,虐殺する、虐殺、殺戮,The Maasai tribe holds a celebration called “Eunoto” in which they slaughter goat.,"生物・動物, 社会・国家, 英検",4,,,,slaughter
a myriad of,無数の,Our city has a myriad of dining options to suit all kinds of tastes.,"数量・論理, 英検",4,,,,a myriad of
scrawny,やせこけた,"Despite its scrawny appearance, the small racehorse is undefeated.","医療・健康, 英検",4,,,,scrawny
delectable,非常に美味しい、美味しそうな匂いの,The famous French bakery seves delectable cookies and pastries.,"英検, 食べ物・料理",4,,,,delectable
parched,（土地などが）干からびた、からからに乾いた,This plant grows even in the parched ground.,"カタカナ・象徴語, 地理・気候, 英検",4,,,,parched
tabulate,表にする、まとめる,The data analyst tabulated the survey results and put them into a chart.,"数量・論理, 英検",4,,,,tabulate
"vex
vexing","苛立たせる
苛立たしい、厄介な",The vexing challenge of fighting this disease continues to be a problem.,"優劣・是非, 感情・思考, 英検",4,,,,vex
twinge,心の痛み、疼くような痛み,She felt a twinge of guilt when she told her sister she was getting married.,"医療・健康, 感情・思考, 英検",4,,,,twinge
lampoon,風刺する、茶化す,The weekly comic in the newspaper frequently lampoons political figures.,"会話・伝達, 英検",4,,,,lampoon
saunter,のんびり歩く、ぶらぶら歩く,"She sauntered through the gardens, enjoying the beautiful landscape.","カタカナ・象徴語, 動作, 英検",4,,,,saunter
jocular,ひょうきんな、おどけた,His jocular tone was inappropriate for the serious situation.,"性格・態度, 意見・説明, 英検",4,,,,jocular
blurb,宣伝文、推敲文,The blurb on the back of the book makes it sound like an exciting read.,英検,4,,,,blurb
"cogent
cogency","説得力のある、納得のいく
説得力、説得力があること",The student’s cogent argument earned her a high grade on her essay.,英検,4,,,,cogent
"scorn
scornful","軽蔑する、ばかにする、軽蔑、蔑み
軽蔑して",The new policy has been widely scorned by environmental scientists.,"感情・思考, 英検",4,,,,scorn
bereft,（死別で）打ちひしがれた、奪われた,The young man’s bereft mother did not leave her house for days after the accident.,"感情・思考, 英検",4,,,,bereft
reel,混乱する、動揺する、よろめく,She is still reeling from the news that he has been lying to her all these years.,"動作, 感情・思考, 英検",4,,,,reel
proffer,与える、提供する,His lawyer proffered several pieces of evidence to support his innocence.,英検,4,,,,proffer
jovial,陽気な、楽しげな,His jovial personality makes him very popular at parties.,"性格・態度, 英検",4,,,,jovial
"eclectic
eclecticism","偏らずに幅広い、折衷的な
折衷主義","The festival features an eclectic mix of music genres, from hip hop to jazz.","感情・思考, 英検",4,,,,eclectic
muddle,混乱させる、ごちゃまぜにする、混同する、ごたごた、混乱,Her thoughts were muddled by all the loud noise.,"感情・思考, 英検",4,,,,muddle
putrid,腐敗した、悪臭のする,She called a plumber to inspect the putrid smell coming from the kitchen sink.,英検,4,,,,putrid
scant,不十分な、乏しい,The scant amount of evidence makes it unlikely that the crime will be solved.,"数量・論理, 英検",4,,,,scant
scrumptious,とても美味しい,He gained weight from all the scrumptious cake’s hi mother kept making for him.,"英検, 食べ物・料理",4,,,,scrumptious
shimmer,かすかに光る、揺らめいて光る,The surface of the water shimmered in the late afternoon sunlight.,英検,4,,,,shimmer
rupture,破裂、決裂、断絶,The rupture in the pipe caused a great deal of oil to leak into the ocean.,英検,4,,,,rupture
partisan,支持者,Susan B. Anthony was an early partisan of woman’s voting rights.,"人・職業, 感情・思考, 社会・国家, 英検",4,,,,partisan
rig,不正に操作する,She lost her scholarship when it was discovered that the contest had been rigged.,"社会・国家, 英検",4,,,,rig
lunge,突進する,The two football players both lunged for the dropped ball.,"動作, 英検",4,,,,lunge
"ambient
ambience","周囲の、環境の、（音楽が）リラックスできる
（場所や場面の）雰囲気",The ambient temperature should not exceed 20 degrees.,"位置・方向, 芸術・音楽, 英検",4,,,,ambient
"insolent
insolence","生意気な、無礼な
生意気、無礼",She suddenly turned into an insolent teenager who refused to listen to her parents.,"性格・態度, 英検",4,,,,insolent
enliven,活気づける、賑やかにする,The residents discussed how to enliven the area.,英検,4,,,,enliven
disposition,性格、特性、気質、傾向,"She has an optimistic disposition, even in the most difficult of situations.","便利, 性格・態度, 英検",3,,,,"disposition "
cranky,気難しい、怒りっぽい、風変わりな、奇妙な,She was a little tired and cranky.,"性格・態度, 英検",4,,,,cranky
amenable,（忠告や提案に）進んで従う、従順な,The company was amenable to negotiating a higher salary for her.,"性格・態度, 英検",4,,,,amenable
"sanctity
sanctify","神聖さ、尊厳
神聖化する",This chapter throughly discusses the sanctity of life.,"宗教・哲学, 英検",4,,,,sanctity
obfuscate,わかりにくくする,His explanation only obfuscated the issue further.,"感情・思考, 英検",4,,,,obfuscate
"conduce
conducive","貢献する
資する、貢献するような",Her noisy apartment is not conducive to concentration.,英検,4,,,,conduce
"suave
suavity","人当たりのよい、温厚な
人当たりの良さ",The actor is famed for his suave manner.,"優劣・是非, 性格・態度, 英検",4,,,,suave
faze,狼狽させる、怯ませる,She did not seem to be fazed at all.,"感情・思考, 英検",4,,,,faze
cursory,大まかな、急ぎの,A cursory exam of his arm did not reveal any serious injuries.,英検,4,,,,cursory
dank,じめじめした、湿っぽくて寒い,The inside of the cave was dark and dank.,"地理・気候, 英検",4,,,,dank
"condescend
condescending
condescension","偉そうな態度を取る
相手を見下すような、尊大な
相手を見下す態度",Some doctors had a condescending attitude toward their patients.,"性格・態度, 英検",4,,,,condescend
connive,共謀する、（悪事などを）見逃す、黙認する,They connived with some officials to steal public money.,"社会・国家, 英検",4,,,,connive
adjudicate,裁く,An independent body adjudicated the dispute between the supermarket and the suppliers. 独立の機関がスーパーと納入業者の間の争いを決着させた,"社会・国家, 英検",4,,,,adjudicate
inanimate,生命のない、無生物の,The octopus can disguise itself as inanimate objects.,"生物・動物, 英検",4,,,,inanimate
trickle,少しずつ流れる、滴り落ちる、滴、したたり,Blood tricked down his face as a result of the injury to his head.,英検,4,,,,trickle
"allegory
allegoric","寓話、寓話的作品
寓話的な",This story can be read as a religious allegory.,英検,4,,,,allegory
predilection,強い好み、偏愛,She admitted to having a predilection for romance novels.,"感情・思考, 英検",4,,,,predilection
flippant,不真面目な、ふざけた,The audience was offended by his flippant remark.,"優劣・是非, 性格・態度, 英検",4,,,,flippant
jeer,あざける、野次る、あざけり、野次,The crowd jeered at the player who injured the start quarterback.,"会話・伝達, 英検",4,,,,jeer
"irk
irked
irksome","うんざりさせる、いらいらさせる
いらいらして
いらだたしい",The city council’s decision irked many people.,"感情・思考, 英検",4,,,,irk
spree,度を過ごすこと、ばか騒ぎ,Her grandmother took her on a shopping spree for her birthday.,"感情・思考, 英検",4,,,,spree
"satire
satirize
satirical","風刺、皮肉
風刺する、皮肉る
風刺的な",The play satirized three of the most corrupt politicians of the time.,"社会・国家, 英検",4,,,,satire
bungle,しくじる,The police bungled the investigation of the crime.,英検,3,,,,bungle
embitter,つらい思いをさせる,The death of their little child greatly embittered them.,"感情・思考, 英検",4,,,,embitter
"penitent
penitence","後悔して、懺悔して
後悔、懺悔",He claimed to be penitent for his mistakes and promised to do better.,"感情・思考, 英検",4,,,,penitent
nibble,少しずつかじる,She nibbled on a piece of bread as she worked.,"動作, 英検",4,,,,nibble
"abhor
abhorrent
abhorrence","嫌悪する、憎悪する
嫌悪感を抱かせるような
嫌悪、憎悪",Any forms of discrimination are abhorrent to us all.,"優劣・是非, 感情・思考, 英検",4,,,,abhor
platitude,陳腐な言葉、決まり文句,His speech was full of platitudes and there was nothing to listen to.,"会話・伝達, 優劣・是非, 英検",4,,,,platitude
"abrade
abrasive
abration","すり減らす、逆撫でする
いらいらさせる、耳障りな
擦り傷",My uncle often offends people with his abrasive manner.,"優劣・是非, 医療・健康, 感情・思考, 英検",4,,,,abrade
crumple (up),しわくちゃにする、しわくちゃになる,She crumpled up the paper and threw it in the trash,"カタカナ・象徴語, 動作, 英検",4,,,,crumple
capricious,気まぐれな、移り気な、変わりやすい、不安定な,"Due to his mother’s capricious moods, he never knows how she will react.","感情・思考, 英検",4,,,,capricious
trepidation,（これから起こる出来事についての）不安、恐れ,Investors are watching the market with great trepidation.,"感情・思考, 英検",4,,,,trepidation
"percolate
percolation","浸透する、広まる、しみ通る、漏れる、ろ過される
透過、ろ過",The ideas began to percolate in his mind as he continued to consider the problem.,"感情・思考, 物理・化学, 英検",4,,,,percolate
"chasten
chastened","恥ずかしい思いをさせる
反省した、罰せられた",He was chastened by the criticism from his boss regarding his performance.,"感情・思考, 英検",4,,,ˈtʃeɪsn,chasten
"aberrant
aberration","常軌を逸した
逸脱、異常",Using such words is an aberration for him.,"優劣・是非, 英検",4,,,,aberrant
"impertinent
impertinence","生意気な、無礼な
生意気、無礼","He asked her age, her weight, and other impertinent questions.","優劣・是非, 英検",4,,,,impertinent
topple,倒す、ぐらつかせる、倒れる、ぐらつく、転覆させる,Experts say that the tower toppled because its base was not built properly.,"動作, 英検",4,,,,topple
maim,重傷を負わせる,"The soldier was maimed in the explosion, but at least he survived.","医療・健康, 英検",4,,,,maim
"incumbent
incumbency","現職の、現職者、在任者
在職、職務",The incumbent champion will defend his title in tomorrow’s boxing match.,"ビジネス・経済, 人・職業, 時間・頻度, 英検",4,,,,incumbent
"dissonant
dissonance","不一致の、不協和音の
不一致、不調和、不協和音",There is often dissonance between how a person perceives herself and how others perceive her.,"依頼, 数量・論理, 芸術・音楽, 英検",4,,,,dissonant
"beguile
beguiling","巧みに騙す、魅了する
魅力的な",They were beguiled into investing their savings into the risky business.,"優劣・是非, 社会・国家, 英検",4,,,,beguile
prowl,（獲物を求めて、犯罪目的で）うろつく、徘徊する,The cat was prowling around in search of mice.,"動作, 生物・動物, 英検",4,,,,prowl
"malevolent
malevolence","悪意のある
悪意、敵意","In the story of Sleeping Beauty, the malevolent witch casts a spell on the princess.","感情・思考, 英検",4,,,,malevolent
"anoint
anointment","選定する、指定する
聖別",It was anointed as the best Indian restaurant in town.,"宗教・哲学, 英検",4,,,,anoint
heist,強盗、銀行破り,He was charged with a heist of three million dollars in cash.,"人・職業, 社会・国家, 英検",4,,,,heist
drool,よだれ、よだれを垂らす、戯言を言う,The baby’s shirt was wet because he had drooled so much.,"会話・伝達, 医療・健康, 英検",4,,,,drool
"prodigy
prodigious","驚嘆すべきもの、神童
驚嘆すべき、並外れた",The beautiful landscape painting was a prodigious achievement for a twelve-year-old child.,"人・職業, 優劣・是非, 英検",4,,,,prodigy
egregious,ひどい、目に余る,It is surprising that a book with so many egregious errors was published.,"優劣・是非, 英検",4,,,,egregious
rendezvous,待ち合わせ、約束、待ち合わせ場所、待ち合わせして会う,She and the journalist planned a secret rendezvous to discuss the issue.,"カタカナ・象徴語, 英検",4,,,ˈrɑːndɪvuː,rendezvous
"schism
schismatic","分裂、分離
分裂の",This event caused a schism in the local community.,"位置・方向, 社会・国家, 英検",4,,,,schism
"delirious
delirium","精神が錯乱した、非常に興奮した、有頂天の
精神錯乱、せん妄状態",She was delirious and nothing she said made sense.,"感情・思考, 英検",4,,,,delirious
sullen,不機嫌な、押し黙った、うっとぅしい、陰鬱な,She looked sullen during the party.,"優劣・是非, 感情・思考, 英検",4,,,,sullen
pare,皮を剥く、切り詰める、削減する,He pared an apple for me.,"ビジネス・経済, 動作, 英検",4,,,,pare
incriminate,罪を負わせる、有罪にする,You are never required to answer any question that could incriminate yourself.,"社会・国家, 英検",4,,,,incriminate
debonair,（男性が）感じの良い、おしゃれな、粋な,She was approached by a debonair gentleman in a fancy suit.,"優劣・是非, 性格・態度, 英検",4,,,,debonair
"virulent
virulence","悪性の、伝染力の強い、致命的な、悪意に満ちた
悪性、悪意",The virulent disease spread rapidly across the country.,"医療・健康, 感情・思考, 英検",4,,,,virulent
paucity,不足、欠乏、少数、少量,The country has suffered from a paucity of natural resources.,"数量・論理, 英検",4,,,,paucity
"lubricate
lubricant","油を差す
潤滑油",She lubricates the motorcycle chain every three months.,"IT・工学, 英検",4,,,,lubricate
entwine,巻き付ける、絡ませる,A young couple were walking on the street with their arms entwined.,"動作, 英検",4,,,,entwine
"accede
accession","同意する、応じる、受け入れる、譲歩する
同意",The board refused to accede to the union’s demand.,英検,4,,,,accede
"deity
deify
deification","神、女神
神格化する
神格化",The planet was named after an ancient Greek deity.,"宗教・哲学, 英検",4,,,,deity
gnaw,かじる、かじり取る、苦しめる、さいなむ,The power outage was caused by a rat that had gnawed on some wires.,"動作, 感情・思考, 英検",4,,,nɔː,gnaw
"cogitate
cogitation","熟考する、熟慮する
熟考",We may need to cogitate further on this matter.,"感情・思考, 英検",4,,,,cogitate
onrush,突然の発展、突進、突撃,The onrush of technology has brought about many changes in society.,"IT・工学, 動作, 英検",4,,,,onrush
"absurd
absurdity","ばかげた、不合理な
ばかげたこと、不合理、不条理",We could no help laughing at the absurdity of the situation.,"優劣・是非, 英検",4,,,,absurd
rankle,人の心を苦しめる,It still rankles me that they made fun of me.,"感情・思考, 英検",4,,,,rankle
restitution,返却、返還、補償,He was ordered to pay restitution for the damages caused by the fire.,"ビジネス・経済, 英検",4,,,,restitution
encumber,妨げる、足手まといになる,The climbers were encumbered by all of their gear.,"優劣・是非, 英検",4,,,,encumber
extrinsic,外部（から）の、外的な、本質的ではない,Money and praise are examples of extrinsic motivation.,"位置・方向, 優劣・是非, 英検",4,,,,extrinsic
"reticent
reticence","無口な、口が重い
無口","He is reticent about discussing his past, but no one knows why.","会話・伝達, 性格・態度, 英検",4,,,,reticent
"billow
billowy","（カーテンや帆が）風で膨らむ、大波
大波の立つ",The curtains billowed in the breeze.,"位置・方向, 英検",4,,,,billow
"perturb
perturbation","不安にする、動揺させる
動揺、狼狽",He was perturbed by his unfamiliar surroundings.,"感情・思考, 英検",4,,,,perturb
"strident
stridency","キーキー言う、耳障りな
耳障りなこと",The suddenly strident tone of her voice startled him.,"カタカナ・象徴語, 優劣・是非, 英検",4,,,,strident
scrounge,せびる、ねだる,He often scrounges money from his parents and friends.,英検,4,,,,scrounge
"felicity
felicitous","幸運、至福
幸運な",She appeared to be in state of complete felicity.,"優劣・是非, 感情・思考, 英検",4,,,,felicity
pernicious,悪影響を及ぼす、非常に有害な,"They are blaming the TV program, saying it has a pernicious influence on children.","優劣・是非, 英検",4,,,,pernicious
"erudite
erudition","博識な、博学な
博識、博学",Isaac Newton is considered one of the most erudite scholars in the history of science.,"性格・態度, 教育・学校, 英検",4,,,,erudite
"bombast
bombastic","大言壮語
大げさな、大言壮語する",The candidate delivered a bombastic speech about how he would fix the economy.,"会話・伝達, 英検",4,,,,bombast
"docile
docility","従順な、扱いやすい
従順さ、おとなしさ",The horse looks very docile.,"性格・態度, 生物・動物, 英検",4,,,,docile
"annul
annulment","無効にする
無効（宣告）、取り消し",The team announced the annulment of its contract with the foreign player.,"社会・国家, 英検",4,,,,annul
vehement,（感情や主張が）激しい、強烈な,She spoke with vehement passion about the need for cheaper healthcare services.,英検,4,,,,vehement
ludicrous,滑稽な、馬鹿げた,"He made a ludicrous suggestion during the meeting, and everyone laughed.","優劣・是非, 英検",4,,,,ludicrous
alacrity / with alacrity,機敏さ、乗り気 / 即座に、迅速に,He accepted our offer with alacrity.,"時間・頻度, 英検",4,,,,alacrity
sordid,下劣な、浅ましい、不潔な、むさくるしい,The sordid affair was kept secret for a long time.,"優劣・是非, 英検",4,,,,sordid
edify,啓発する、教化する,The book edifies readers with its unique presentation of Buddhist concepts.,"宗教・哲学, 感情・思考, 英検",4,,,,edify
trudge,とぼとぼ歩く、重い足取りで歩く,"She trudged through the snow, wishing that she were wearing waterproof boots.","カタカナ・象徴語, 動作, 英検",4,,,,trudge
chide,叱る、たしなめる,The teacher chided students for their lack of effort.,"会話・伝達, 英検",4,,,,chide
stampede,一斉に逃げる、一斉に逃げること,Herds of buffalo are stampeding across the plains.,英検,4,,,,stampede
apparition,亡霊、幽霊,The child claimed that a ghostly apparition appeared outside of his window.,英検,4,,,,apparition
flinch,ひるむ、たじろぐ,She flinched at the sound of the door slamming.,"感情・思考, 英検",4,,,,flinch
censure,"非難、酷評
非難する、酷評する",The country faces international censure for its human rights violations.,"会話・伝達, 社会・国家, 英検",4,,,,censure
scruffy,薄汚い、みすぼらしい,The scruffy dog looked completely different after it got cleaned up.,"性格・態度, 英検",4,,,,scruffy
"gratify
gratification","喜ばせる、満足させる
喜び、満足",I was gratified to hear that he agreed with me.,"感情・思考, 英検",4,,,,gratify
tether,"つなぐ
ロープ、鎖",She tethered her horse to a pole.,英検,4,,,,tether
reverie,空想、夢想,The sound startled her out of her reverie.,"感情・思考, 英検",4,,,,reverie
"abstain
abstinence
abstemious","慎む、自制する
節制、自制
節制した、慎ましい",The campaign aims to promote abstinence from alcohol during pregnancy.,"性格・態度, 英検",4,,,,abstain
"tinge
tinged
a tinge of ","色合い
 〜気味の
〜じみたところ",The sky had an orange tinge to it. 空はオレンジ色を帯びていた,英検,4,,,,tinge
"acclimate
acclimation","慣れる、順応する、慣れさせる
順応",It took her a couple of days to acclimate to the high altitude of Cusco.,英検,4,,,,acclimate
extraneous,非本質的な、（本質に）無関係の,If we eliminate these extraneous steps we can complete the process much faster.,"優劣・是非, 英検",4,,,,extraneous
"periphery
peripheral","周囲、外縁
周囲の、周辺の、些末な",A temporary fence was created around the periphery of the property.,"位置・方向, 優劣・是非, 英検",4,,,,periphery
dissertation,論文、博士論文,She completed her doctoral dissertation on environmental issues.,"教育・学校, 英検",4,,,,dissertation
"remunerate
remuneration
remunerative","報酬を与える
報酬、謝礼
報酬の多い",He has not received remuneration for his work yet.,"ビジネス・経済, 英検",4,,,,remunerate
decree,命じる、布告する、法令、布告、判決,The local government decreed that smoking be banned in public places.,"会話・伝達, 社会・国家, 英検",4,,,,decree
bellow,怒鳴る、叫ぶ,He bellowed across the room so she could hear him.,"会話・伝達, 感情・思考, 英検",4,,,,bellow
"incongruous
incongruously
incongruity","場にそぐわない、調和しない
不調和
不釣り合いに",The new building apppeared incongruous with the surrounding environment.,"優劣・是非, 数量・論理, 英検",4,,,,incongruous
ruffle,かき乱す、苛立たせる、（髪の毛を）くしゃくしゃにする、（羽などを）逆立てる,The woman was obviously ruffed by the reporter’s difficult questions.,"カタカナ・象徴語, 感情・思考, 生物・動物, 英検",4,,,,ruffle
"luminous
luminosity","光を発する、輝く
光輝",The wolf’s luminous red eyes are visible in the dark background of the drawing.,英検,4,,,,luminous
"truculent
truculence","攻撃的な、好戦的な、残忍な
どう猛、残忍",He is always truculent and often gets into a quarrel with someone.,英検,4,,,,truculent
amity,友好、親善,The two countries signed the treaty of amity and commerce.,"社会・国家, 英検",4,,,,amity
truncate,切り詰める、先端を切って短くする,Those interviews were published in truncated form. それらのインタビューは省略された形で出版された,英検,4,,,,truncate
bucolic,田園的な、田舎の,The bucolic cottage was featured in a magazine about life in the countryside.,"地理・気候, 英検",4,,,,bucolic
"felon
felony
felonious","凶悪犯
凶悪犯罪、重罪
重罪の、凶悪な","Felonies, such as kidnapping or fraud, have more serious prison sentences.","人・職業, 社会・国家, 英検",4,,,,falony
configuration,配置、配列,"Seating configurations vary by aircraft and airline.
Please check the configuration of your printer before printing the document.","IT・工学, 位置・方向, 英検",4,,,,configuration
scoff,嘲笑う,"People scoffed at his idea for the invention, but he built it anyway.",英検,4,,,,scoff
"distend
distension","膨らむ、膨張する、膨張させる
膨張、腫れ",A starving person’s stomach may distend due to a lack of protein.,"物理・化学, 英検",4,,,,distend
terse,ぶっきらぼうな、素っ気ない,"Based on his terse response, it was clear that he did not want to be disturbed.","性格・態度, 英検",4,,,,terse
"extrapolate
extrapolation","推定する
推定",We can extrapolate the lifetime value of a customer from this data.,英検,4,,,,extrapolate
mangle,ひどく傷つける、ずたずたにする、台無しにする,"Although his legs were mangled in the accident, he was able to walk again.","優劣・是非, 医療・健康, 英検",4,,,,mangle
languid,元気がない、気だるい,"The medication makes her languid, so she has been sleeping a lot.","医療・健康, 英検",4,,,,languid
"veracious
veracity","正確な、真実の
正直さ、正確さ、真実性",The police are working to confirm the veracity of the witness’s testimony.,"社会・国家, 英検",4,,,,veracious
revile,非難する、あしざまに言う,The country’s law is reviled by many as a violation of human rights.,"会話・伝達, 英検",4,,,,revile
"haphazard
haphazardly","無計画の、でたらめな
無計画に、でたらめに","Books and papers were scattered haphazardly on the professor’s desk. ",英検,4,,,,haphazard
"inept
ineptitude","能力に欠ける、不器用な
能力不足",He is inept at communicating with others.,"性格・態度, 英検",4,,,,inept
"espouse
espousal","支持する、採用する
支持、採用",The new theory is already being espoused by many respected scientists.,"意見・説明, 英検",4,,,,espouse
"unwitting
unwittingly",無意識の、知らず知らずの,He was an unwitting contributor to the spread of false rumors. 彼女は知らず知らずのうちに、間違った噂を広める片棒を担いでいた,"感情・思考, 英検",4,,,,unwitting
"modulate
modulation",調節する、加減する、（声や音の）調子を変える,She is great at modulating her voice to change the feeling of a song.,英検,4,,,,modulate
precept,原理、原則、指針、教え、教義,Showing respect to parents and elder is one of the main precepts of Confucianism.,"便利, 感情・思考, 英検",4,,,,precept
tycoon,巨頭、大立物,"The media tycoon owns several famous TV stations, magazines, and newspapers.","人・職業, 英検",4,,,,tycoon
onerous,骨の折れる、うんざりする,We still have the onerous task of cleaning up.,"優劣・是非, 英検",4,,,,onerous
conscientious,念入りの、慎重な,He is conscientious about his health and exercises daily.,英検,4,,,,conscientious
upend,逆さまにする、ひっくり返す,She upended her purse and dumped everything out when looking for her keys.,"動作, 性格・態度, 英検",4,,,,upend
"colloquy
colloquial","会話
口語の、日常会話の",There are major differences between colloquial Japanese and formal written language.,"会話・伝達, 英検",,,,,colloquy
spurn,拒絶する、（恋人を）振る,She spurned his advances and made it clear she was not looking for a romantic relationship.,"会話・伝達, 英検",4,,,,spurn
trajectory,弾道、軌道、軌跡、進展,"The missile’s trajectory was changed to avoid hitting a populated area.
My career seemed to be on a downward trajectory.","便利, 物理・化学, 英検",4,,,,trajectory
"persecute
persecution","迫害する、弾圧する
迫害",Religious minorities have been persecuted many times throughout history.,"社会・国家, 英検",4,,,,persecute
"infiltrate
infiltration","潜入する、潜入させる
潜入行為",It was discovered that the agency had been infiltrated by spies.,"社会・国家, 英検",4,,,,infiltrate
nimble,素早い、敏捷な,The nimble dancer floated gracefully across the stage.,英検,4,,,,nimble
stitch / stitch up,縫う、縫い目、編み目 / 縫い合わせる,She had to stitch up the wound using the first aid kit in her backup.,"医療・健康, 英検",4,,,,stitch
"tyranny
tyrannical
tyrannize
tyrant","専制政治、暴政
専制君主の、専制的な
暴政を行う
専制君主",They fought to liberate their country from tyranny.,"社会・国家, 英検",4,,,,tyranny
"invert
inversion","逆にする、ひっくり返す
逆転",Our brain inverts the upside-down image that hits our retinas.,"位置・方向, 動作, 英検",4,,,,invert
"buoyant
buoyancy","上向きの、うきうきした、浮力がある
上昇傾向、楽天的性格、浮力",Real estate prices are rising rapidly in this buoyant economy.,"性格・態度, 数量・論理, 物理・化学, 英検",4,,,bɔɪənt / ˈbuːjənt,buoyant
veto,"（大統領や政府の）拒否権
（法案などに）拒否する",The president may choose to exercise his veto to stop the bill.,"社会・国家, 英検",4,,,,veto
fray,争い、いさかい,Both parties entered the election fray.,"社会・国家, 英検",4,,,,fray
wanton,理不尽な、無茶な、抑えられない,Certain human activities lead to the wanton destruction of the environment.,"程度・確度, 英検",4,,,,wanton
insurrection,暴動、反乱,In the capital city there is an insurrection going on against the government.,"社会・国家, 英検",4,,,,insurrection
"retract
retraction
retractable","撤回する、取り消す、引っ込める
撤回、引っ込めること
引っ込められる、格納式の",The CEO was forced to retract his statement regarding selling the company.,"会話・伝達, 英検",4,,,,retract
"residue
residual","残り、残余
残りの、残留している",A few days later he was still experiencing the residual effects of the surgery.,英検,4,,,,residue
"impeach
impeachment","弾劾する、告発する
弾劾、告発",The politician was impeached for his corrupt conduct.,"会話・伝達, 社会・国家, 英検",4,,,,impeach
exponent,主唱者、主導者,The writer Mary Wollstonecraft was an exponent of feminist literature.,"人・職業, 社会・国家, 英検",4,,,,exponent
embroil,巻き込む,The mayor was embroiled in a scandal involving misuse of public funds.,英検,4,,,,embroil
tilt,傾く、傾ける、傾くこと、傾けること,The dog titled its head to the side when it heard her voice through the phone.,"動作, 英検",4,,,,tilt
smother,抑制する、抑える、覆い尽くす、窒息させる,He often felt smothered by his mother’s relentless affection.,"医療・健康, 感情・思考, 英検",4,,,,smother
"corrode
corrosive
corrosion","腐食させる、腐食する
腐食性の
腐食",The acidic water gradually corroded the pipes until they started leaking.,"物理・化学, 英検",4,,,,corrode
"poach
poacher
poaching","密猟する、密漁する
密猟者
密猟、密漁",People try to poach the rhinos so that they can sell their horns.,"人・職業, 生物・動物, 社会・国家, 英検",4,,,,poach
incense,激怒させる,The announcement of the unexpected fees incensed the airline’s passengers.,"感情・思考, 英検",4,,,,incense
attrition,自然滅、消耗,The company cut about 200 employees through attrition and layoffs.,"数量・論理, 社会・国家, 英検",4,,,,attrition
"incubate
incubation","卵を抱く、孵化させる
抱卵、孵化",He incubated the egg under a heat lamp for a few weeks.,"生物・動物, 英検",4,,,,incubate
pundit,評論家、専門家、有識者,He is a former professional soccer player and sports TV pundit.,"人・職業, 英検",4,,,,pundit
dividend,株式配当,The company pays out dividends quarterly.,"ビジネス・経済, 英検",4,,,,dividend
scour,くまなく調べる、探し回る,She scoured the library for books mentioning the obscure topic.,英検,4,,,,scour
wrangle,言い争う,The two sides have been wrangling over the terms of the contract for days.,"会話・伝達, 英検",4,,,,wrangle
"imminent
imminently
iminence","差し迫った、切迫した
差し迫って
切迫、急迫","The storm was imminent, with dark clouds gathered on the horizon.","位置・方向, 時間・頻度, 英検",4,,,,imminent
supplant,取って代わる,Conventional lamps are being supplanted by LED lighting.,英検,4,,,,supplant
"solicit
solicitation",請い求める、懇請,Volunteers for the organization go door-to-door trying to solicit donations.,"会話・伝達, 英検",4,,,,solicit
surmise,推測する,"Based on the symptoms, we can surmise that the illness is a viral infection.","感情・思考, 英検",4,,,,surmise
"lull
lullaby","寝かしつける、（感情を）鎮める
子守唄",The rocking of the train lulled her to sleep.,"感情・思考, 芸術・音楽, 英検",4,,,,lull
"revert
reversion","戻る
逆戻り","On days when he is tired, he reverts to his old eating habits.","時間・頻度, 英検",3,,,,revert
gadget,装置、機械,The store offers a variety of kitchen gadgets and cookware.,"IT・工学, 英検",4,,,,gadget
onslaught,激しい攻撃、大量,The area continues to face the onslaught of rough weather.,"数量・論理, 英検",4,,,,onslaught
incapacitate,能力を奪う、正常に機能しないようにする,She was incapacitated for the first few days following her stroke.,"医療・健康, 英検",4,,,,incapacitate
vilify,中傷する、けなす,The politician was vilified in the newspapers for stealing public tax money.,"会話・伝達, 英検",4,,,,vilify
"latent
latency","潜んだ、潜在的な
潜在、潜伏","When she started blogging, she uncovered a latent talent for writing.",英検,4,,,,latent
postulate,仮定する,Some scientists have postulated that life may exist on other planes without oxygen or water.,英検,4,,,,postulate
acclaim,称賛、歓呼、称賛する,"Although the film received critical acclaim, it was not very popular overall.","会話・伝達, 英検",4,,,,acclaim
savvy,知識を持った、やり手の,Her savvy business skills helped her to quickly rise through the company.,"性格・態度, 英検",4,,,,savvy
splurge,散財する、ぜいたくする,He decided to splurge on a new suit to wear to the event.,"ビジネス・経済, 英検",4,,,,splurge
tangible,明白な、確実な、触れられる,The most obvious tangible benefit will be increased revenue for the company.,英検,4,,,,tangible
replenish,補充する、補給する、再び満たす,It is important to replenish the fluids you lose from sweating.,英検,4,,,,replenish
amass,集める、蓄える,They amassed enough evidence to support their idea.,英検,4,,,,amass
"depict
depiction","表現する、描写する
描写、叙述","The writer has an unusual talent for depicting vivid scenes in his novels,","会話・伝達, 芸術・音楽, 英検",4,,,,depict
liaison,連絡、連携、連絡係,We can improve liaison between parents and teachers with an email newsletter.,"人・職業, 会話・伝達, 便利, 英検",4,,,,liaison
slash,大幅に削減する、さっと切る、切り裂く、斜線、スラッシュ,The president’s plan to slash taxes was very popular with the people.,"カタカナ・象徴語, ビジネス・経済, 動作, 英検",3,,,,slash
"denounce
denunciation","非難する、責める、告発する、訴える
非難、弾劾","The politician has been criticized for not denouncing the use of violence.
The invasion has drawn strong denunciations from leaders around the globe.","会話・伝達, 社会・国家, 英検",4,,,,denounce
"indict
indictment","起訴する
起訴、告訴、欠陥を示すもの","No one expected Grace to get an indictment for any crime, let alone for theft.","社会・国家, 英検",4,,,,indict
ruse,策略、計略,The promise of a free gift card was a ruse to collect personal information.,英検,4,,,,ruse
"rescind
rescission","撤回する、無効にする
廃止、無効化",The company rescinded the job offer after discovering his dishonesty.,"社会・国家, 英検",4,,,,rescind
"decorum
decorous","礼儀正しい行動、上品さ
礼儀正しい",She always behaves with decorum and modesty.,"性格・態度, 英検",4,,,,decorum
interlude,合間、合間の出来事、幕間、間奏曲,"She left the office for a brief interlude, during which she got a coffee.","時間・頻度, 芸術・音楽, 英検",4,,,,interlude
"subservient
subservience","従属的な、へつらった
追従、へつらい","In ancient Greek society, women were expected to be subservient to their husbands.","性格・態度, 英検",4,,,,subservient
"matrimony
matrimonial","結婚、婚姻
結婚の",They were joined in in matrimony last week.,英検,4,,,,matrimony
intrepid,恐れを知らない、勇敢な,The intrepid explorer traveled deep into the Amazon rainforest.,"性格・態度, 英検",4,,,,intrepid
"prescient
prescience","予知するような、先見の明がある
予知、予見",The economist was prescient about the financial crisis.,"性格・態度, 英検",4,,,,prescient
pilfer,くすねる、ちょろまかす,A coworker accused him of pilfering money from the company.,"社会・国家, 英検",4,,,,pilfer
"concoct
concoction",考え出す、仕組む、でっち上げる、（食べ物を）混ぜて作る,He concocted a story about his car breaking down when he was late for work.,"会話・伝達, 感情・思考, 英検, 食べ物・料理",4,,,,concoct
vacillate,（物・感情が）ぐらつく、揺れる,He vacillated between two choices.,"動作, 感情・思考, 英検",4,,,,vacillate
regale,人を楽しませる,He regaled us with stories of his days as a pilot.,"感情・思考, 英検",4,,,,regale
"quirk
quirky","変わった癖、奇行
一風変わった、癖のある",Everyone has their own unique quirks.,"性格・態度, 英検",4,,,,quirk
"dexterity
dexterous","（手先の）器用さ、利口さ、抜け目のなさ
（手先の）器用な",The athlete handles the ball with impressive dexterity.,"性格・態度, 英検",4,,,,dexterity
premonition,予感、虫の知らせ,The day of the earthquake she had had a premonition that something bad would happen.,"便利, 感情・思考, 英検",4,,,,premonition
"indignant
indignation","憤慨した、怒った
憤慨",Jessica became indignant when she was wrongly blamed for the data entry error.,"感情・思考, 英検",4,,,,indignant
insipid,無味乾燥な、面白くない、味のない、美味しくない,The insipid movie has poor character development and a lack of tension or conflict.,"優劣・是非, 英検, 食べ物・料理",4,,,,insipid
"inaugurate
inaugural
inauguration","就任させる、発足させる、落成式を行う
就任の、落成の
就任、落成式、発足",Thousands attended the ceremony to inaugurate the new president.,"ビジネス・経済, 英検",4,,,,inaugurate
precinct,行政区、選挙区,That is the police station for this precinct.,"地理・気候, 社会・国家, 英検",4,,,,precinct
vanquish,破る、負かす,He quickly vanquished all of his enemies in the video games.,英検,4,,,,vanquish
propel,推進する、前進させる、駆り立てる,The powerful engines propelled the satellite into space.,英検,4,,,,propel
babble,まくしたてる、ガヤガヤと話す、口を滑らす,My father will babble on forever about politics unless you tell him to stop.,"会話・伝達, 英検",4,,,,babble
"piety
pious","敬虔さ、信仰（心）
敬虔な",The priest praised him for his extreme piety.,"宗教・哲学, 性格・態度, 英検",4,,,,piety
"entangle
entanglement","もつれさせる、絡ませる
もつれ",The dolphin became entangled in a fishing net.,英検,4,,,,entangle
caricature,風刺画、風刺的に描く,The caricature of the president was shared widely on social media.,"社会・国家, 芸術・音楽, 英検",4,,,,caricature
charade,見せかけ、嘘の芝居,Everyone is saying their marriage is a charade.,英検,4,,,,charade
pensive,物思いに沈んだ,"When he is feeling pensive, he often writes poetry or goes for long walks.","感情・思考, 英検",4,,,,pensive
tally,記録、勘定、得点、計算する、集計する,The manager keeps a tally of the restaurant’s expenses and revenue.,"スポーツ, ビジネス・経済, 英検",4,,,,tally
"clump
clumpy",群れ、塊、群れをなす、かたまる、凝集させる、どしんどしん歩く,Some kids were throwing clumps of dirt at the wall.,"動作, 英検",4,,,,clump
nebulous,曖昧な、漠然とした,"At first, the plan was pretty nebulous.",英検,4,,,,nebulous
travesty,まがいもの、茶番,The judge’s decision is a travesty of justice.,"優劣・是非, 英検",4,,,,travesty
foment,助長する、扇動する,The government has accused media outlets of helping a party to celebrate.,"会話・伝達, 英検",4,,,,foment
remission,（病気などの）一時的軽減、緩和、免除,"His cancer has gone into remission, so he is holding a party to celebrate.","医療・健康, 英検",4,,,,remission
proviso,但し書き、条件,This article contains several important provisos.,"社会・国家, 英検",4,,,,proviso
"reveal
revelation","暴露する、明らかにする
暴露、発覚、新事実",Most people cannot predict the shocking revelation at the end of the film.,"会話・伝達, 英検",3,,,,reveal
"debase
debasement","価値（品質）を落とす
価値（品質）の低下",Some claim that professional sports have been debased by commercialism.,英検,4,,,,debase
"perforate
perforation","ミシン目を入れる
切り取り線、ミシン目",The perforation in the paper make it easier to tear out of the notebook.,英検,4,,,,perforate
enthrall,魅了する、夢中にさせる,His show enthralled the audience with his dynamic dance.,"感情・思考, 英検",4,,,,enthrall
"renounce
renunciation","放棄する
放棄、断念",These negotiations led to the renunciation of terrorism.,英検,4,,,,renounce
"prevaricate
prevarication","はぐらかす、言葉を濁す
言い逃れ",Stop prevaricating and tell me why you did not finish your homework!,"会話・伝達, 英検",4,,,,prevaricate
sham,偽物、見せかけ、いんちき、でっち上げ,The report turned out to be a complete sham.,"社会・国家, 英検",4,,,,sham
impalpable,感知できない、触っても感じられない、容易に理解できない,Radiation is invisible and impalpable.,"感情・思考, 英検",4,,,,impalpable
"decrepit
decrepitude","老衰した、老朽化した
老衰、老弱",The decrepit building was transformed into an excellent hotel.,"性格・態度, 英検",4,,,,decrepit
ornate,飾り立てた、凝りすぎた,His grandmother loved ornate jewelry with intricate designs and large gemstones.,英検,4,,,,ornate
trite,古臭い、陳腐な,The book is full of trite statements like “money cannot buy happiness.”,"優劣・是非, 英検",4,,,,trite
morose,不機嫌な、むっつりした,He became morose after his  marriage ended unexpectedly.,"性格・態度, 英検",4,,,,morose
dreary,陰鬱な、物寂しい、つまらない、退屈な,The dreary weather made her want to stay in bed reading all day.,"優劣・是非, 感情・思考, 英検",4,,,,dreary
recant,撤回する,The politician recanted the statement after learning that it was false.,"会話・伝達, 英検",4,,,,recant
"extricate
extrication","救い出す、脱出させる
救出、解放","Hours later, they were finally able to extricate the dog from the drain pipe.",英検,4,,,,extricate
garnish,"付け合わせを添える
付け合わせ","If you are serving the dish to guests, garnish it with lemon slices.","英検, 食べ物・料理",4,,,,garnish
"emanate
emanation","発する、発散する、生じる、広まる
発散（されたもの）","The Buddhist monk emanates peace and harmony, which makes everyone around him feel calmer.","物理・化学, 英検",4,,,,emanate
glean,（情報や知識を）少しずつ収集する,The chess player has gleaned new strategies from each of his opponents.,英検,4,,,,glean
"rejuvenate
rejuvenation","若返らせる、元気を回復させる
若返り",She went to a spa in hopes of rejuvenating her tired body.,"医療・健康, 英検",4,,,,rejuvenate
snub,冷たくあしらう、（申し出などを）はねつける,"She said hello to him, but he just snubbed her.","会話・伝達, 感情・思考, 英検",4,,,,snub
furtive,人目を盗んだ、内緒の,The two boys exchanged furtive smiles from across the classroom.,英検,4,,,,furtive
decoy,おとり,The criminal used a decoy to distract the police while he escaped.,"人・職業, 社会・国家, 英検",4,,,,decoy
"allure
alluring","魅力、魅惑、魅惑する
魅惑的な",The allure of the city attracts young people from more rural areas.,"優劣・是非, 英検",4,,,,allure
"prodigy
prodigious",神童、天才児、驚嘆すべき,The young prodigy was a champion chess player by the age of seven.,"人・職業, 優劣・是非, 英検",4,,,,prodigy
foray,襲撃、急襲、進出,They made a foray into enemy territory.,"社会・国家, 英検",4,,,,foray
"precipitate
precipitous","引き起こす、せっかちな、拙速な
（増減などが）急激な、非常に険しい、急峻な","The founder’s death precipitated a crisis within the company.
The precipitous slope on one side of the trail makes climbing it terrifying.","位置・方向, 性格・態度, 数量・論理, 英検",4,,,,precipitate
soggy,湿った、しんなりした、じめじめした,The bread got soggy with the sauce.,"地理・気候, 英検",4,,,,soggy
"abominate
abominable
abomination","嫌悪する
嫌悪感を抱かせる
嫌悪、憎悪","The food at the restaurant was good, but the service was abominable.","感情・思考, 英検",4,,,,abominate
"covet
covetous","ひどく欲しがる
むやみに欲しがる",She felt guilty for coveting her best friend’s diamond ring.,"感情・思考, 英検",4,,,,covet
"subjugate
subjugation","征服する、服従させる
征服",The conqueror sought to subjugate every nation bordering his country.,"社会・国家, 英検",4,,,,subjugate
sequester,隔離する,The judge ordered the jury sequestered to ensure a fair trial.,"位置・方向, 英検",4,,,,sequester
"combust
combustion
combustible","燃焼する
燃焼、酸化
燃えやすい",The invention of the combustion engine revolutionized the transportation industry.,"物理・化学, 英検",4,,,,combust
"venerate
venerable
veneration","尊敬する
尊敬すべき、由緒ある
尊敬（の念）","Every year, the people hold a festival to celebrate their venerable leader.","優劣・是非, 性格・態度, 感情・思考, 英検",4,,,,venerate
"conglomerate
conglomeration ","複合企業
集合体、集塊、寄せ集め、複合企業可","The conglomeration of luxury brands is now owned by a single company.
They discussed the regulation of financial conglomerates.","カタカナ・象徴語, ビジネス・経済, 英検",4,,,,conglomeration
circumspect,慎重な、用心深い,The unfortunate experience taught him to be circumspect in his dealings with strangers.,"性格・態度, 英検",4,,,,circumspect
preside,議長（司会）を務める,A neutral third party was asked to preside over the negotiations.,"ビジネス・経済, 英検",4,,,,preside
scourge,災いの元凶、天罰、たたり,The Bubonic Plague was a scourge that killed millions of people across Europe.,"優劣・是非, 宗教・哲学, 英検",4,,,,scourge
"benevolent
benevolence","慈悲深い、親切な
慈善を行う",The benevolent woman helped the lost child find his mother.,"性格・態度, 社会・国家, 英検",4,,,,benevolent
shackle,制限する、束縛する、束縛、手枷、足枷,The lack of funds shackled the small company’s growth potential.,"物, 英検",4,,,,shackle
hedge,防護手段、損失防止策、生け垣、垣根、分散して損失を防止する,She bought bonds as a hedge against stock market risk.,"カタカナ・象徴語, ビジネス・経済, 物, 英検",4,,,,hedge
forage,漁る、探し回る、引っかき回す,Primitive humans likely spent much of their time foraging for food.,"動作, 英検",4,,,,forage
"coalesce
coalescence","連合する、合併する
連合、合併",Those groups gradually coalesced into a political party.,"ビジネス・経済, 英検",4,,,,coalesce
cerebral,知的な、理性的な、脳の,"She is a very cerebral comedian, so many people do not understand her jokes.","性格・態度, 英検",4,,,,"cerebral "
"fortify
fortification","防御を固める、要塞化する、元気にする
要塞化",William the Conqueror’s White Tower was fortified with a moat and defensive walls.,"医療・健康, 社会・国家, 英検",4,,,,fortify
"petulant
petulance","いらいらした、すねた
いらいら、すねること",Stop acting like a petulant child.,"感情・思考, 英検",4,,,,petulant
fumble,手探りする,He fumbled for a switch in the dark.,"カタカナ・象徴語, スポーツ, 動作, 英検",4,,,,fumble
propitious,好都合な、幸先の良い,"Surprisingly, a recession is a propitious time to start a business.","優劣・是非, 英検",4,,,,propitious
"omniscient
omniscience","全知の、博識の
全知全能",This novel is a third person narrative and told by an omniscient narrator.,"性格・態度, 英検",4,,,,omniscient
pageant,野外劇、歴史ショー,Carnaval de Barranquilla is a traditional pageant celebrated annually in Colombia.,"芸術・音楽, 英検",4,,,,pageant
parry,（質問や議論を）受け流す、（攻撃などを）かわす,The spokesperson cleverly parried every question about the recent factory fire.,"会話・伝達, 英検",4,,,,parry
sojourn,（一時的な）滞在,They ended their trip with a brief sojourn to a popular ski town.,英検,4,,,,sojourn
"vestige
vestigial","痕跡、名残り
痕跡の",There still remains a vestige of the ancient culture in their life.,英検,4,,,,vestige
"resuscitate
resuscitation",蘇生させる、復活させる、復興する,"The patient’s heart stopped for a while, but the medics were able to resuscitate him.","医療・健康, 英検",4,,,,resuscitate
"exasperate
exasperation","苛立たせる、激しく怒らせる
憤慨",He was exasperated by the computer’s refusal to print the documents.,"感情・思考, 英検",4,,,,exasperate
usurp,不法に奪う、強奪する,The young kind quickly crushed their attempt to usurp the throne.,"社会・国家, 英検",4,,,,usurp
"transgress
transgression","（法や規制を）犯す
違反、犯罪",She is old enough to understand stealing is a transgression.,"社会・国家, 英検",4,,,,transgress
"ingratiate / ingratiate oneself with
ingratiating","ご機嫌を取る、取り入る / 〜に取り入る
人の機嫌を取るような",He is eager to ingratiate himself with his new boss,"性格・態度, 感情・思考, 英検",4,,,,ingratiate
mirage,蜃気楼、幻覚、幻想,"They thought they were walking toward water, but it was just a mirage.","カタカナ・象徴語, 地理・気候, 感情・思考, 英検",4,,,,mirage
pester,しつこく悩ます,"Her son pestered her for a new toy, but she would not buy one.","感情・思考, 英検",4,,,,pester
inveterate,根深い、頑固な、常習的な,She is an inveterate reader of both fiction and non-fiction.,"感情・思考, 英検",4,,,,inveterate
"forlorn
forlornly","孤独な、惨めな、（場所が）さびれた
わびしく",The little girl was alone and looked forlorn.,"感情・思考, 英検",4,,,,forlorn
pulverize,粉状にする、粉々にする,Put all the ingredients in the food processor and pulverize them into a fine powder.,"動作, 英検",4,,,,pulverize
"gallant
gallantly
gallantry","勇敢な、堂々とした
勇敢に
勇敢さ",The gallant firefighter ran back into the building to save the child trapped upstairs.,"性格・態度, 英検",4,,,,gallant
"reverberate
reverberation","反響する、鳴り響く、影響する
反響、影響",The announcer’s voice reverberated throughout the stadium as he spoke.,"物理・化学, 英検",4,,,,reverberate
taunt,嘲笑する、嘲笑、あざけり,The soccer player was penalized for taunting his opponents.,"会話・伝達, 英検",4,,,,taunt
innocuous,（言動が）当たり障りのない、無難な、害のない、無毒の,He started the speech with an innocuous joke about the weather.,"優劣・是非, 物理・化学, 英検",4,,,,innocuous
squabble,言い争う、口論、口喧嘩,The two kids squabbled over who should get to press the elevator button.,"会話・伝達, 英検",4,,,,squabble
trample,踏みにじる、踏みつける、踏みつぶす,Her remark trampled the boy’s innocent feelings.,"動作, 英検",4,,,,trample
jostle,突き飛ばす、押しのける、争う、競う、押し合い,Members of the audience jostled each other to get a better view of the celebrity.,"動作, 英検",4,,,,jostle
"instigate
instigation","起こさせる、引き起こす
扇動",The man who insulted him was clearly trying to instigate a fight.,英検,4,,,,instigate
"appease
appeasement","なだめる、鎮める
なだめること",People in ancient civilizations often sacrificed animals to appease their gods.,"会話・伝達, 英検",4,,,,appease
"deviate
devious","それる、逸脱する
悪質な、滑稽な","Benjamin Franklin rarely deviated from his daily routine, which started at 5 a.m.
Halfway through the movie, the hero uncovers the villain’s devious plan to poison the water supply.","位置・方向, 優劣・是非, 英検",4,,,,devious
"excavate
excavation","発掘する、掘り出す
発掘","Once the fossils have  been excavated, they will be displayed in a local museum.",英検,4,,,,excavate
morsel,一口分、一切れ、少量、一欠片,"As a vegetarian, she has not eaten a morsel of meat for five years.","数量・論理, 英検",4,,,,morsel
brandish,振り回す,The man brandished a knife and told the woman to give him her purse.,"動作, 英検",4,,,,brandish
"disparage
disparagement","批判する、けなす
批判、非難",She was careful not to disparage her employees’ ideas in front of their peers.,"会話・伝達, 英検",,,,,disparage
oust,追放する、失脚させる,"After three years of ruling, the dictator was ousted from power.","社会・国家, 英検",4,,,,oust
"intrinsic
intrinsically","固有の、本来備わっている
元来",Children have an intrinsic desire to understand the world around them.,英検,4,,,,intrinsic
confound,困惑させる、誤りを証明する,He was completely confounded by the complex instructions in the recipe.,"感情・思考, 英検",4,,,,confound
abet,そそのかす、幇助する,The woman who blocked the road is accused of abetting the robbers’ escape.,"会話・伝達, 社会・国家, 英検",4,,,,abet
transitory,一時的な、束の間の,The investor believes the economic slowdown is transitory.,"時間・頻度, 英検",4,,,,transitory
"intermittent
intermittently","断続的な
断続的に、途切れ途切れに",He fasts intermittently and usually only eats between the hours of 4 and 7 p.m.,英検,4,,,,intermittent
"premeditated
premeditation","前もって考えた、計画的な
（犯行などの）計画",Prison sentences are usually longer for crimes that are premeditated rather than just opportunistic.,英検,4,,,,premeditate
revel,大いに楽しむ、喜ぶ,All the members reveled in the huge success of their first album.,"感情・思考, 英検",4,,,,revel
ensconced / ensconce oneself,身を落ち着ける,"In the evenings, he ensconces himself in his office to focus on his novel.",英検,4,,,,ensconce
curt,素っ気ない、ぶっきらぼうな,His wife’s curt response to his question made it clear that she was upset about something.,"性格・態度, 英検",4,,,,curt
redress,補償、賠償（金）、正す、是正する,They are seeking redress for unfair dismissal.,英検,4,,,,redress
gust,突風、一陣の風,A strong gust of wind turned his umbrella inside out.,"地理・気候, 英検",4,,,,gust
clichéd,言い古さえた、陳腐な,Most critics complained about the film’s clichéd characters and situations.,"優劣・是非, 英検",3,,,,clichéd
"rudiment
rudimentary","基本原理、初歩
未発達の、初期段階の、基本的な",The Sumerians developed rudimentary technology for irrigation and agriculture.,"時間・頻度, 英検",4,,,,rudiment
yardstick,基準、尺度,Material wealth is not the only yardstick for success.,"便利, 数量・論理, 英検",4,,,,yardstick
stammer,口ごもる、どもる、どもること,The witness stammered and grew visibly nervous as the attorney asked more and more questions.,"会話・伝達, 英検",4,,,,stammer
"tentative
tentatively","仮の、暫定的な、自信なさげな、ためらいがちな
仮に","These plans are tentative, as we do not know the exact dates of our trip yet.","性格・態度, 英検",4,,,,tentative
"restrain
restrained
restraint","抑える、抑制する
抑制された、控えめの
自制、慎み、抑制、制約、制限","He wanted to order the crab, but he showed restraint and got a cheaper dish instead.","感情・思考, 数量・論理, 英検",4,,,,restrain
rife,（良くないものが）広まって、あふれて、いいぱいで,Rumors are rife that the company will lay off employees next month.,英検,4,,,,rife
forgo[forego],控える、我慢する,Monks are required to forgo a number of worldly pleasures that regular people enjoy. 修道士は、一般の人々が享受している多くの世俗的な楽しみを放棄することを求められる,英検,4,,,,forgo
haven,避難所、安全な場所,The nature preserve provides a safe haven for wildlife.,"社会・国家, 英検",4,,,,haven
"dormant
dormancy","活動休止中の、休止状態の
活動休止状態",The volcano has remained dormant since 1859.,"時間・頻度, 英検",4,,,,dormant
commensurate,見合った、相応の,"He likes the job, but his salary is not commensurate with the amount of work required.","数量・論理, 英検",4,,,,commensurate
memento,記念品、思い出の品,The box was filled with photographs and mementos from his childhood.,"感情・思考, 英検",4,,,,memento
"complicit
complicity","共謀した
共謀、共犯","She was not present at the robbery, but she was found guilty of complicity in the crime.","人・職業, 社会・国家, 英検",4,,,,complicit
headway,進捗、進展,The construction team made significant headway on the building despite the poor weather.,"便利, 英検",4,,,,headway
congenial,快適な、好みに合った,The small company has a congenial atmosphere and is overall a pleasant place to work.,"優劣・是非, 英検",4,,,,congenial
clinch,確定的にする、獲得する、勝ち取る,The football team has clinched a place in the playoffs with this most recent win.,"スポーツ, 英検",4,,,,clinch
expletive,ののしり言葉,Her father let out a string of expletives when he dropped the heavy jar on his foot.,"会話・伝達, 感情・思考, 英検",4,,,,expletive
fallible / infallible,誤りを犯しがちな、当てにならない / 常に正しい、間違いのない,"The car’s navigation system is not infallible, so please confirm your route before proceeding.","優劣・是非, 英検",4,,,,fallible
"seclude
secluded
seclusion","隔離する
隔離された、人里離れた、人目につかない
隔絶、隠遁",He completed his novel while staying at a secluded cabin in the wood.,"位置・方向, 英検",4,,,,seclude
frisk,ボディチェック、ボディチェックする,The security guard frisked the man to make sure he was not carrying any weapons.,"カタカナ・象徴語, 動作, 英検",4,,,,frisk
bogus,偽の、偽造の,He was arrested for carrying a bogus passport.,英検,4,,,,bogus
bail,保釈、保釈金,He called his sister from jail to ask if she would lend him money for bail.,"ビジネス・経済, 社会・国家, 英検",4,,,,bail
"oratory
oratorial
oration
orator","雄弁、熱弁
雄弁な
演説
雄弁家",The famous orator gets paid thousands of dollars to speak at company events.,"人・職業, 会話・伝達, 性格・態度, 英検",4,,,,orator
"insurgent
insurgency","反乱を起こした
反乱、暴動","The communist insurgency in the Philippines, also known as the Hukbalahap rebellion, began in 1946.","社会・国家, 英検",4,,,,insurgent
dupe,だます、かつぐ、黙されやすい人,She was duped by the fake news article’s claims about the dangers of the medicine.,"人・職業, 英検",4,,,,dupe
"verbose
verbosity","言葉数が多い、冗長な
冗長","In contrast to Hemingway’s concise writing style, Faulkner’s was more verbose.","性格・態度, 英検",4,,,,verbose
illustrious,著名な、有名な、輝かしい,He is one of Japan’s most illustrious authors.,"優劣・是非, 英検",4,,,,illustrious
upshot,結末、結論,The upshot of the meeting was that the advertising budget should be increased.,"便利, 意見・説明, 英検",4,,,,upshot
quizzical,いぶかしげな、不思議そうな,He came up to me with a quizzical expression.,"感情・思考, 英検",4,,,,quizzical
"secrete
secretion","分泌する
分泌（作用）",Insulin is secreted when the blood sugar level rises.,"医療・健康, 英検",4,,,,secrete
"degenerate
degeneration","悪化する、墜落する
退廃、墜落",The once-thriving district has degenerated into an area filled with graffiti and abandoned buildings.,"優劣・是非, 英検",4,,,,degenerate
balk,躊躇する、ためらう、ボーク,Her secretary balked at the task of filing the huge pile of documents.,"カタカナ・象徴語, スポーツ, 英検",5,,,,balk
teeter / teeter on the brink of,ぐらつく、よろめく / 〜の危機に瀕している,The city is teetering on the brink of financial collapse.,"動作, 英検",4,,,,teeter
jest / in jest,冗談 / 冗談で,The governor explained that the comments were said entirely in jest.,"会話・伝達, 英検",4,,,,jest
catapult,投石器、石弓、一躍（スターなどに）押し上げる,The young singer’s hit song catapulted her into fame.,"カタカナ・象徴語, 物, 英検",4,,,,catapult
"indiscreet
indiscretion","軽率な
軽率、軽率な言動、無分別",His indiscretion of sharing confidential company information with a reporter cost him his job.,"性格・態度, 英検",4,,,,indiscreet
impromptu,"即席の、即興の、準備なしの
即席で、即興で、準備なしで",He suddenly stood up and made an impromptu speech.,英検,4,,,,impromptu
"perspire
perspiration","汗をかく
発汗",He was perspiring heavily under his thick uniform.,"医療・健康, 英検",4,,,,perspire
"profuse
profusion","大量の、豊富な
多数、多種多様","Every spring, the garden produces a profusion of colorful flowers.","数量・論理, 英検",4,,,,profuse
hurtle,猛スピードで進む、突進する,The sports car hurtled down the highway at dangerously high speed.,"位置・方向, 動作, 英検",4,,,,hurtle
sumptuous,豪華な、贅沢な,The sumptuous banquet featured exotic foods from around the world.,英検,4,,,,sumptuous
"detonate
detonation","爆発させる
爆発",Special tools are used to remove the landmines without detonating them.,"物理・化学, 英検",4,,,,detonate
"assiduous
assiduity","根気強い、勤勉な、入念な
根気、勤勉",The engineer’s assiduous attention to details results in programs with few to no bugs.,"性格・態度, 英検",4,,,,assiduous
infuse / infuse A with B,吹き込む / AにBを吹き込む,The teacher infused his students with enthusiasm for learning.,"会話・伝達, 英検",4,,,,infuse
"atrocious
atrocity","（質が）悪い、ひどい、残虐な
凶悪性、極悪",The documentary pointed out the atrocious living conditions in the refugee camp.,"優劣・是非, 英検",4,,,,atrocious
relish,楽しむ、楽しみ、喜び,She relished the chance to try authentic Thai foods during her visit to Chiang Mai.,"感情・思考, 英検",4,,,,relish
"expropriate
expropriation","没収する、収用する
没収、収用",The government plans to expropriate the land to build an airport.,英検,4,,,,expropriate
debrief,（軍人・パイロットなどに）報告を求める,The pilot was debriefed immediately after his flight.,"会話・伝達, 依頼, 英検",4,,,,debrief
irrepressible,快活な、自信にあふれた、抑えられない,"She is irrepressible, which makes up for her lack of technical skills.","性格・態度, 英検",4,,,,irrepressible
"frazzle
frazzled","疲れさせる、擦り切らす、完全燃焼させる
へとへとに疲れた、擦り切れた、完全燃焼した",She was feeling frazzled after a long day at work.,"医療・健康, 感情・思考, 英検",4,,,,frazzle
"consign
consignment","委ねる、発送する
発送された商品",The shop received a large consignment of books to be sold.,英検,4,,,,consign
"inhale
inhalation","吸い込む、吸入する
吸入",Be careful not to inhale the fumes when you spray.,英検,4,,,,inhale
"enunciate
enunciation","明確に発音する
発表、言明",Enunciate your words so that everyone can understand you.,"会話・伝達, 英検",4,,,,enunciate
mutter,つぶやく、不平を言う,Her son muttered something under his breath after she told him to clean up his room.,"会話・伝達, 英検",4,,,,mutter
"abridge
abridged
abridgment","簡略にする
簡略された、短縮された
簡約（版）",Students in high school usually read an abridged version of the novel.,英検,4,,,,abridge
"converge
convergence
convergent","集まる、集結する、群がる、一点に集まる
集中、収束
一点に集まるような","Local citizens converged on the construction site, protesting the building project.","位置・方向, 英検",4,,,,converge
"grudge
grudging
grudgingly","恨み、悪意、与えるのを惜しむ
嫌々の
嫌々ながら",She still holds a grudge against her sister for stealing her boyfriend.,"感情・思考, 英検",4,,,,grudge
"innate
innately","生来の、生得的な
生来、生まれつき、本質的に",She believes that humans are innately good.,"生物・動物, 英検",4,,,,innate
illegible,読みにくい、判断できない,His handwriting was totally illegible and I could not figure out what was written.,英検,4,,,,illegible
painstaking,骨の折れる、最新の注意を払った、丹念な,The artist painted each tiny character in painstaking detail.,"程度・確度, 英検",4,,,,painstaking
"surreptitious
surreptitiously","ひそかな
ひそかに、こっそりと",He surreptitiously looked through his girlfriend’s phone while she was in the bathroom.,英検,4,,,,surreptitious
"intravenous
intravenous drip","静脈注射の、天敵の
点滴",The patient’s antibiotics were administered via an intravenous drip.,"医療・健康, 英検",4,,,,intravenous
scuttle,駄目にする、水の泡にする,The company had to scuttle its plans to hire more people after sales targets were not reached.,英検,4,,,,scuttle
"sever
severance","つながりを断つ、切断する
分離","When she turned eighteen, she severed her ties with her abusive parents.","動作, 英検",4,,,,sever
convene,招集する、開催する,The school board convened a meeting to address parents’ concerns about the new textbook.,英検,4,,,,convene
regurgitate,口に戻す、吐く、（理解せずに他人の言葉を）受け売りする,Many birds regurgitate food to their chicks.,"生物・動物, 英検",4,,,,regurgitate
blare,騒々しく不快な音を立てる,The ambulance’s sirens blared as it sped through the neighborhood.,英検,4,,,,blare
avenge,復讐する、仕返しする,The story is about a woman who tries to avenge the murder of her husband.,英検,4,,,,avenge
malaise,不調、不快感,Those symptoms may be accompanied by headache and a feeling of malaise.,"医療・健康, 英検",4,,,,malaise
devoid,欠いている,"The ocean floor is mostly devoid of life, but there are some rare life forms down there.","優劣・是非, 程度・確度, 英検",4,,,,devoid
"audacity
audacious","大胆さ、厚かましさ
大胆な、厚かましい",The actress was shocked at the audacity of the interviewer when he asked such a personal question.,"人・職業, 英検",4,,,,audacity
rant,わめき散らす、声を張り上げる,"Every time I meet him, he rants about how terrible his life is.","感情・思考, 英検",4,,,,rant
deadlock,行き詰まり、膠着状態、同点,The negotiations appeared to have reached a total deadlock.,"IT・工学, カタカナ・象徴語, スポーツ, 英検",4,,,,deadlock
"chisel
chiseled","彫る、彫刻する
彫りの深い、筋骨隆々の",He spent countless hours at the gym to get his chiseled abs.,"動作, 医療・健康, 英検, 身体の部位",4,,,,chisel
"posthumous
posthumously","死後の、死後に起きた、著者の死後に出版された
死後に",The journalist was honored with a posthumous award.,"時間・頻度, 英検",4,,,,posthumous
"squalid
squalor","汚い、不潔な
汚さ、不潔さ",She could not believe the squalid living conditions of the people in the slum.,英検,4,,,,squalid
"extenuate
extenuating
extenuation","情状酌量して軽く見る
情状酌量すべき
情状酌量",Late fees will only be waived in extenuating circumstances.,"感情・思考, 英検",4,,,,extenuate
"impassive
impassively","感情を表さない、平然とした
平然と",He remained impassive during the hearing.,"感情・思考, 英検",4,,,,impassive
connoisseur,通、目利き、鑑定家,"He is a connoisseur of Japanese art, and collector of Ukiyo-e prints.","人・職業, 芸術・音楽, 英検",4,,,,connoisseur
"pry
prying","覗く、詮索する
詮索するような",His neighbors are always trying to pry into his private life.,"性格・態度, 英検",4,,,,pry
"austere
austerity","（経済が）緊縮の、厳格な
（経済の）緊縮、厳格さ",The Great Depression of the 1930s was a period of great austerity.,"ビジネス・経済, 英検",4,,,,austere
skirmish,小規模な戦闘、小競り合い,There was a small skirmish on the border of the two countries.,"社会・国家, 英検",4,,,,skirmish
"chauvinism
chauvinist","男性優位主義、狂信的な優越心
男性優位主義者",Male chauvinism was still the norm in the early 1900s.,"人・職業, 宗教・哲学, 感情・思考, 英検",4,,,,chauvinism
"laud
laudable","称賛する
称賛に値する","While the aim is laudable, there will be many challenges ahead.","会話・伝達, 優劣・是非, 英検",4,,,,laud
"protrude
protrusion","突き出る
突出物、隆起物",People on the beach saw a fin protruding from the water and panicked.,"物, 英検",4,,,,protrude
stump,困らせる,She was stumped by her daughter’s complicated math homework.,"感情・思考, 英検",4,,,,stump
rowdy,乱暴な、騒々しい,Her neighbors are always throwing rowdy parties.,英検,4,,,,rowdy
"retroactive
retroactively","（法律などが）遡って効力のある
（法律などが）遡って",The mayor was harshly criticized for trying to enforce the new law retroactively.,"社会・国家, 英検",4,,,,retroactive
woo,支持を得ようと努める,Aspiring pop stars are wooed by promises of fame and fortune. アイドル歌手の卵たちは、富と名声を約束されて集められる,英検,4,,,,woo
contrition,悔恨,The look of contrition on his face was apparent to all.,"感情・思考, 英検",4,,,,contrition
careen,大きく揺れながら疾走する,The car careened around the corner at a dangerous speed.,"動作, 英検",4,,,,careen
"allude
allusion
allusive","ほのめかす、遠回しに言う
ほのめかし
ほのめかした",The CEO alluded to his possible retirement at the Christmas party.,"会話・伝達, 英検",4,,,,allude
tatter / in tatters,ぼろ、ぼろ切れ / ひどい状態で,The ongoing war has the whole country in tatters.,"優劣・是非, 英検",4,,,,tatter
cordon,非常線、包囲網,Police formed a cordon around the building to prevent any civilians from entering.,"社会・国家, 英検",4,,,,cordon
wayward,わがままな、手に負えない、揺れ動く、定まらない,They are concerned about heir son’s wayward behavior.,"位置・方向, 性格・態度, 英検",4,,,,wayward
affix,貼る、添付する、接辞,"She affixed a stamp to the letter, then dropped it into the mailbox.",英検,4,,,,affix
distraught,取り乱した、動転した,She was distraught over the loss of her childhood stuffed animals.,"感情・思考, 英検",4,,,,distraught
arcane,難解な、少数の人だけが理解している,He has arcane knowledge of the forests and rivers.,英検,4,,,,arcane
insatiable,飽くことを知らない、貪欲な,He has an insatiable appetite for anything made of fruit.,"性格・態度, 感情・思考, 英検",4,,,,insatiable
disheveled,だらしない,"She was late for work, so her hair and clothes were very disheveled.","優劣・是非, 英検",4,,,,disheveled
"appreciate / depreciate
appreciation / depreciation","称賛する、鑑賞する / 価値を下げる、下がる、軽視する
感謝、鑑賞、（好意的な）評価 / 価値の低下、見下すこと",The value of new cars depreciates rapidly after the first year. 新車の価値は、初年度を過ぎると急速に下がる,"優劣・是非, 感情・思考, 芸術・音楽, 英検",4,,,,appreciate
"assail
assailable
assailant","攻撃する
攻撃できる
攻撃者",The movie was assailed by critics for its numerous plot holes and unrealistic characters.,"人・職業, 会話・伝達, 英検",4,,,,assail
sprout,発芽する、急成長する,The seeds sprouted within just a few days of planting them.,"生物・動物, 英検",3,,,,sprout
"orchestrate
orchestration
orchestra","企てる、周到に準備する
調整、組織化
オーケストラ",He orchestrated the merging of two rival companies last year.,"カタカナ・象徴語, 芸術・音楽, 英検",3,,,,orchestrate
"transient
transience","一時的な、つかの間の、放浪者
はかなさ",Cherry blossoms are appreciated more due to their transient nature. 桜の花は、その儚さゆえにより尊ばれる,"時間・頻度, 英検",4,,,,transient
"ail
ailing
ailment","思う
病気の、病弱な、不況の、不振の
病気",He went to visit his ailing father in the retirement home.,"優劣・是非, 医療・健康, 感情・思考, 英検",4,,,,ailing
moratorium<moratoria/moratoriums>,支払い猶予（期間）、一時的停止、猶予期間,The government has declared a moratorium on lobster fishing.,"カタカナ・象徴語, ビジネス・経済, 時間・頻度, 英検",3,,,,moratorium
"ardent
ardor","熱心な、熱狂的な
熱意、情熱",He is an ardent believer in practicing mindfulness through yoga.,"感情・思考, 英検",4,,,,ardent
repeal,廃止する、撤廃する、廃止,Activists are working hard to have several laws repealed.,"社会・国家, 英検",4,,,,repeal
ordinance,条例,The city council passed a new ordinance banning farm animals.,"社会・国家, 英検",4,,,,ordinance
"antisthesis
antithetic","正反対、対照
正反対の",Some people say love is the antithesis of selfishness.,"位置・方向, 英検",4,,,,antithesis
interim,仮の、暫定的な、中間の、合間、しばらくの間,"As an interim measure, we have decided to take the following approach.","時間・頻度, 英検",4,,,,interim
commune,共同体、共同社会,He decided to join a commune in rural Kansas.,"社会・国家, 英検",4,,,,commune
"stipulate
stipulation","規定する
規定、条項",There are no stipulations regarding injury in this contract.,"社会・国家, 英検",4,,,,stipulate
ablaze,燃えて、輝いて,The arsonist set the house ablaze using gasoline and some matches.,英検,4,,,,ablaze
amnesty,恩赦、特赦,The refugees were granted amnesty for entering the country illegally.,英検,4,,,,amnesty
impunity,処罰を受けないこと、免責,"The crowds stole with impunity, grabbing items off shelves right in front of store staff.","社会・国家, 英検",4,,,,impunity
rapport,信頼関係、協調,It is important for teachers to establish a close rapport with their students.,英検,4,,,,rapport
"dissident
dissidence","反対派の人、意義を唱える人、反体制派の
（意見や性格の）相違",Political dissidents in the country are sometimes sentenced to death.,"人・職業, 社会・国家, 英検",4,,,,dissident
"perplex
perplexed
perplexity","当惑させる
当惑した、まごついた
当惑、困惑",She was perplexed by the contents of the letter she received.,"感情・思考, 英検",4,,,,perplex
fixture,欠かせない人・もの、備え付けの設備、備品,The artist’s painting of Louis XIV is a permanent fixture in school history books.,"便利, 優劣・是非, 英検",3,,,,fixture
"regenerate
regeneration
regenerative","再生、再建
再生力のある",The country hopes that easing visa restrictions will regenerate the tourist industry.,英検,4,,,,regenerate
aptitude,才能、素質、適性,Her parents discovered her aptitude for sports at a young age.,"便利, 英検",4,,,,aptitude
"reminisce
reminiscent
reminiscence","懐かしむ、思い出にふける
連想させるような、思い出させるような
回顧、思い出話、回顧録","They reminisced about their high school days together at the reunion.
The flower-patterned dress is reminiscent of 1950’s fashion.","感情・思考, 英検",4,,,,reminiscent
"crackdown
crack down on","厳重な取締り
〜を取り締まる",The police have launched a crackdown on crime in the city.,"社会・国家, 英検",4,,,,crackdown
spate / a spate of,多発、続発 / 〜の多発、〜の続発,Thick fog caused a spate of road accidents yesterday.,"数量・論理, 時間・頻度, 英検",4,,,,spate
unravel,解決する、解く、ほどく,Scientists are working to unravel the secrets of this incredible plant.,"動作, 英検",4,,,,unravel
endemic,特有の、固有の、（ある事象がある場所に）よく見られる、風土病、地方病,An investigative report found that corruption is endemic in local government offices.,"医療・健康, 地理・気候, 英検",4,,,,endmic
chant,（スローガンなどを）一斉に唱える、繰り返す,"Demonstrators chanted slogans agains the increase in military spending,","会話・伝達, 社会・国家, 英検",4,,,,chant
ponder,熟考する,She pondered whether she should be leave her current company and accept the job offer.,"感情・思考, 英検",4,,,ˈpɑːndər,ponder
mosaic,モザイク風のもの、寄せ集め,The country is a mosaic of different cultures and religions.,"カタカナ・象徴語, 便利, 英検",4,,,,mosaic
"stealth
stealthily","密かな行動、レーダーで捕獲されにくい
密かに",Stealth is key to the success of your mission.,"カタカナ・象徴語, 英検",4,,,,stealth
pseudonym,ペンネーム,The famous crime novelist also wrote romances under a pseudonym.,"カタカナ・象徴語, 英検",4,,,,pseudonym
terrain,地形、地勢、土地,A small car like that would not be able to drive through the rough terrain.,"地理・気候, 英検",4,,,,terrain
"meek
meekly","おとなしい、従順な
おとなしく、従順に",She meekly accepted her new position in the department.,"性格・態度, 英検",4,,,,meek
pitfall,隠れた危険、落とし穴,Make sure you avoid the pitfalls of buying online.,"便利, 英検",4,,,,pitfall
misnomer,ふさわしくない名前、呼称,The term “morning sickness” is in fact a misnomer.,"優劣・是非, 英検",4,,,,misnomer
"jeopardy
jeopardize","危険、危機
危険に晒す",Your reckless behavior put everyone’s safety in jeopardy.,"優劣・是非, 英検",4,,danger,,jeopardy
hone,ツノ、砥石、研ぐ、磨きをかける,She is keen to hone her English speaking skills.,"動作, 生物・動物, 英検",3,,sharpen,,hone
"provide
provision","供給する
供給、条項、規定",The man could not agree with all of the provisions added to his contract.,"社会・国家, 英検",3,,,,provide
"dissect
dissection","解剖する、分析する、分割する
解剖、分析、分割",They dissected a pig heart in biology class last week.,"医療・健康, 数量・論理, 生物・動物, 英検",4,,,,dissect
"allot
allotment","割り当てる、割り振る
配分、分配",Make sure to allot enough time to finish all your work.,英検,4,,assign,,allot
"turbulent
turbulence","動乱の、混乱した、荒れ狂う
混乱、乱気流",The castle has witnessed 250 years of turbulent history.,"地理・気候, 感情・思考, 英検",4,,,,turbulent
stunt,派手な行為、曲芸、妨げる,"The band held a free, unannounced concert in the park as a publicity stunt.","カタカナ・象徴語, 芸術・音楽, 英検",4,,,,stunt
"demoralize
demoralization","士気をくじく、意気消沈させる
士気喪失",The captain’s injury in the opening minutes of the game demoralized the entire team.,"優劣・是非, 英検",4,,,,demoralize
recoup,（損失などを）取り戻す,The company never did recoup their losses and eventually went out of business.,"ビジネス・経済, 英検",4,,recover,,recoup
"oblivious
obliviously
oblivion","気付かないで、忘れて
気づかずに
忘却",She was so focused on work that she was oblivious to the struggles of her husband.,"感情・思考, 英検",4,,,,oblivious
arduous,骨の折れる、きつい,Their climb to the top of the mountain was long and arduous.,"医療・健康, 英検",4,,strenuous,,arduous
grievance,苦情、不満,Please take any grievances you may have to customer support. 苦情がありましたらカスタマーサポートまでお寄せください,"会話・伝達, 感情・思考, 英検",4,,,,grievance
"destitute
destitution","困窮した、極貧の
極貧",Many people were left destitute after the hurricane destroyed their community.,"社会・国家, 英検",4,,,,destitute
"subdue
subdued","鎮圧する、感情を抑える
控えめな、元気のない、大人しい",A member of the staff told him in a subdued voice that he was no meeting the club’s dress code.,"感情・思考, 英検",4,,,,subdue
"insulate / insulate A from[against] B
insulation","遮断する、隔離する、孤立させる / AをBから遮断する
絶縁、隔離",The cabin is fully insulated against the cold. その山小屋は十分に遮熱されている,"位置・方向, 英検",4,,,,insulate
juggle,上手くやりくりする,She is currently juggling a full-time job and freelance work.,"カタカナ・象徴語, ビジネス・経済, 英検",4,,,,juggle
"adhere
adherent
adherence","付着する、従う、支持する
順守している、執着している、信奉者、支持者
順守、執着",The celebrity is an adherent of an obscure religion.,"人・職業, 英検",4,,,,adhere
decipher,解読する、判読する,She succeeded in deciphering the old documents after a 20-year study.,英検,4,,,,decipher
fraught,（危険や困難に）満ちた、心配そうな、不安にさせる,"Everyone in the office is fraught with tension, wondering who will be fired.","感情・思考, 英検",4,,,,fraught
"cumulate
cumulative
cumulatively","累積する
次第に増える、累積的な
累積的に",He studies the cumulative effects of exercise on health.,"数量・論理, 英検",4,,,,cumulate
dire,ひどい、悲惨な,The war in the country has caused a dire situation.,"優劣・是非, 英検",4,,"awful
dreadful",,dire
"evict
eviction","立ち退かせる
立ち退き、追い立て",The evictions of homeless people fro the park made national news.,"位置・方向, 英検",4,,,,evict
foster,育む、促進する、養育する,This program aims to foster children’s creativity.,"教育・学校, 英検",3,,"encourage
promote
nurture",,foster
"verify
verification
verity
veritable","真実であることを証明する
検証、確証、認証
真理
真の、紛れもない",You will need to provide your phone number to complete our verification procedures.,"IT・工学, 数量・論理, 英検",3,,,,verify
longevity,寿命、長寿,The smartphone manufacturer is attempting to increase the longevity of its products.,"医療・健康, 時間・頻度, 英検",3,,,,longevity
blister,水ぶくれ、まめ、水ぶくれができる,I got a blister from my new boots.,"医療・健康, 英検",3,,,,blister
proximity,（距離や時間、関係が）近いこと,The proximity of the station made the hotel very convenient.,"位置・方向, 時間・頻度, 英検",3,,,,proximity
"daunt
daunting","威圧する
人の気力をくじく、非常に手強い",Moving somewhere you do not know anyone is a daunting task.,英検,4,,,,daunt
installment,1回分の支払い,He paid for his new car in 36 installments.,"ビジネス・経済, 英検",3,,,,installment
covert,密かな、内密の,She once took part in covert operations run by the government.,英検,4,,,,covert
"cohesive
cohesion","結束した、まとまりのある
結束、団結",A cohesive team of workers can get more work done than when working independently.,英検,4,,,,cohesive
culprit,犯人、被告,The police caught the culprit with the help of several civilians.,"人・職業, 社会・国家, 英検",,,offender,,culprit
strand,立ち往生させる,They were stranded in the bay for hours after their boat’s engine died.,英検,4,,,,strand
verdict,評決、答申,The news incorrectly reported that the jury had given a verdict of guilty.,"社会・国家, 英検",4,,,,verdict
"deport
deportation","国外に送還する、国外に退去させる
国外追放、国外退去",He faced deportation for breaking several laws in the country.,"社会・国家, 英検",4,,,,deport
entrench,固定化する、根付かせる,Old-fashioned ideas about the roles of men and women are still deeply entrenched in this society.,"感情・思考, 英検",4,,,,entrench
"anomaly
anomalous","異常、例外
異常な、異例の",An anomaly was detected during a scan of her heart.,"優劣・是非, 英検",4,,,,anomaly
onset,（良くないことの）開始、（病気の）初期,The onset of the disease usually occurs within the first few years of life.,"医療・健康, 時間・頻度, 英検",4,,,,onset
vie,競う、張り合う,Many athletes are vying for a place on the Olympic team.,英検,4,,,,vie
"diminish
diminution","減らす、小さくする、減る、減少する
減少、縮小",Lack of sleep will diminish your ability to focus and be productive.,"数量・論理, 英検",4,,,,diminish
couterfeit,偽の、偽造の,The criminals were caught distributing coutnerfeit bills to the public.,"社会・国家, 英検",4,,,,counterfeit
"negate
negation","否定する、無効にする
否定",This latest research negates the claims that the supplement can improve a person’s cholesterol.,"数量・論理, 英検",4,,,,negate
avert,防ぐ、回避する、（目や顔を）逸らす,We must work hard to avert the worst of climate change.,"位置・方向, 英検",4,,,,avert
"lethal
lethally","死に至る、致命的な
致死的に",The snake’s bite can be lethal if not treated properly.,"医療・健康, 英検",4,,,,lethal
demise,終了、終結、逝去、死亡,The demise of the horse carriage industry was only a matter of time once cars were invented.,"医療・健康, 時間・頻度, 英検",4,,,,demise
strain,緊張、負担、血統、品種、ピンと張る、緊張させる,Scientists are currently studying the new strain of the virus.,"感情・思考, 生物・動物, 英検",4,,,,strain
"aggravate
aggravation","悪化させる、怒らせる
悪化",High levels of stress aggravated her worsening health condition.,"優劣・是非, 感情・思考, 英検",4,,,,aggravate
"convoluted
convolution","渦巻き状の、複雑な
渦巻き、複雑さ",Her argument was too convoluted for me to follow.,"便利, 地理・気候, 英検",4,,complicated,,convoluted
"deter
deterrent
deterrence","思いとどまらせる、抑止する
阻止するもの、妨害物
抑止",His parents deterred him from going on a trip while sick.,英検,4,,,,deter
"altercate
altercation","口論する
口論、論争",The teachers had to split up an altercation between two students at recess.,"会話・伝達, 英検",4,,dispute,,altercate
plausible,（話や議論が）もっともらしい,There is no plausible explanation for why he would intentionally break his computer.,"優劣・是非, 英検",4,,,,plausible
"adjourn
adjournment","中断する、延期する、席を移す
延期",The court session was adjourned for a short lunch break.,"時間・頻度, 英検",4,,,,adjourn
dangle,ちらつかせる、ぶら下げる,Her parents dangled the promise of a new toy if she behaved the entire day.,"動作, 英検",4,,,,dangle
"demolish
demolition","取り壊す
取り壊し、破壊",The city is carrying out the demolition of a whole neighborhood.,"社会・国家, 英検",4,,,,demolish
"libel
libelous","名誉毀損、中傷
名誉毀損の、中傷の",The actor sued the newspaper for libel and won the case.,"会話・伝達, 社会・国家, 英検",4,,,,libel
prelude,前兆、前段階、前奏曲、序曲,His sickness was a prelude of more bad things to come.,"便利, 時間・頻度, 芸術・音楽, 英検",4,,,,prelude
facetious,不真面目な、滑稽な、（発言などが）ふざけた,The student only ever gives facetious answers to the teacher.,"優劣・是非, 性格・態度, 英検",4,,,,facetious
truce,休戦、停戦協定,They called a truce in the battle for control of the family business. 彼らは家業の主導権をめぐる争いで休戦を宣言した,"社会・国家, 英検",4,call,,,truce
invincible,無敵の、不屈の,The Roman Empire was once seen as invincible by all.,"優劣・是非, 性格・態度, 英検",4,,"unconquerable
invulnerable",,invincible
sleek,（デザインや形が）しゃれた、かっこいい,The hotel has a sleek and modern interior.,"優劣・是非, 感情・思考, 英検",4,,,,sleek
juncture,重大な時点、時期,Any questions for the speaker can be asked at this juncture.,"時間・頻度, 英検",4,,,,juncture
"abduct
abduction
abductor
abductee","拉致する、誘拐する
拉致、誘拐
誘拐犯
拉致被害者","The child, who was abducted late last night, has been returned to her parents.","人・職業, 社会・国家, 英検",5,,,,abduct
"accuse
accusation
accusatory","訴える、責める、非難する
告発、非難
責めるような、非難の","She accused him of lying.
The government was accused of incompetence. 政府は無能だと非難された
The athlete has denied the accusation that he used the drug.","会話・伝達, 社会・国家, 英検",2,,,,accuse
"addict
addicted
addictive
addiction
additive","中毒者
中毒になった、依存した
中毒性の、病みつきになる
中毒、依存
添加物",This soup stock contains no artificial additives. この出し汁には人口添加物は含まれていない,"人・職業, 医療・健康, 感情・思考, 英検, 食べ物・料理",3,,,,additive
advent,出現、登場、到来,"The advent of cheap flights over the last few years has really changed where I go on vacation. 格安航空の出現によって私が休暇で行く場所が大きく変わった
The advent of television caused many movie theaters to close.","便利, 英検",3,,,,advent
"adverse
adversary
adversarial
adversity
","逆らうような、不利な、敵対的な
相手、対戦者
敵対関係にある
逆境、災難、不運","Lack of money will have an adverse effect on our research program.
The new proposal should help those in adverse circumstances.
Her political adversary has much more funding than sh does.
He overcame many personal adversities.","人・職業, 便利, 優劣・是非, 英検",3,,,,adverse
affinity,親近感、一体感、類似点、親和性,"Sam was born in the country and had a deep affinity with nature.
She and the cat had an immediate affinity for one another, so she adopted it.","感情・思考, 数量・論理, 英検",4,,,,affinity
"afflict
affliction","悪影響をもたらす、苦しませる、悩ませる
苦痛","Severe drought has afflicted the region.
A lot of poor countries are afflicted by corruption.
Their youngest child is afflicted with a skin condition.
She suffered a painful affliction that left her bed-bound. 寝たきりになるほど彼女は苦痛だった","優劣・是非, 医療・健康, 感情・思考, 英検",4,,,,afflict
aftermath,余波、影響、後遺症,"We have to be prepared for the aftermath of the war.
The aftermath of the bubbles burst in the late '80s hasn't fully played out yet. 1980年代の後半にバブルがはじけた後遺症からまだ脱していない","医療・健康, 影響・妨害, 時間・頻度, 英検",4,,,,aftermath
"agony
agonize","（肉体的・精神的な）激しい苦痛
苦悩する、苦悶する",He agonized about the poor choice he had made for the rest of his life.,"感情・思考, 英検",4,,,,agony
"alien
alienate
alienation","異質な、未知の、外国の、在留外国人、異星人、よそ者
遠ざける、仲間外れにする
疎外感","We studied trigonometry last week, so it shouldn't be an alien conception to you. 三角関数は先週勉強したから、全くわからないものではないと思うよ
His arrogance alienated him from his coworkers.","人・職業, 感情・思考, 英検",4,,,"ˈeɪliəneɪt
ˌeɪliəˈneɪʃn",alien
"allege
alleged
allegedly","断言する、主張する
疑わしい、主張された
伝えられるところでは",She was in the news as an alleged dog thief. 彼女は犬泥棒の容疑者としてニュースになっていた,"会話・伝達, 英検",4,,,,allegedly
"alleviate
alleviation","軽くする、緩和する、和らげる
緩和、軽減","Physiotherapy may help alleviate some of your pain.
Drinking more won't alleviate your heartbreak. これ以上飲んだからといって失恋の傷は癒えないよ","医療・健康, 英検",3,,,,alleviate
"ambiguous
ambiguity","曖昧な（意味や解釈が様々）
曖昧さ、多義性","This law is ambiguous, so it can be interpreted in different ways. この法律は不明瞭で、どんな風にも受け取れる
The ambiguity of the new law has caused confusion among legal experts.",英検,2,,,,ambiguous
"anecdote
anecdotal","逸話、エピソード
逸話的な、個人の話に基づく、裏付けに乏しい",A common tactic when giving speeches is to start with an anecdotal story.,"カタカナ・象徴語, 会話・伝達, 英検",4,,,,anecdote
"anonymous
anonymously
anonymity","匿名の
匿名で
匿名であること",He writes under a fake name to preserve his anonymity.,"社会・国家, 英検",3,,,,anonymous
"apathy
apathetic","無気力、無関心、無感情
無気力な、無関心な","I think apathy in your relationship is a sign that it's over. 無関心なことは君たちの関係の終わりを示すサインなんじゃないかな
I thought he was quite apathetic about his life, but it turns out that he actually wants to become a millionaire and move to New York.","人・職業, 感情・思考, 英検",4,,"indifferent
disinterested",,apathy
apex,(三角形・山などの)頂点、絶頂,We at last got to the apex of the mountain.,"地理・気候, 感情・思考, 英検",4,,,,apex
"appall
appalling","ぞっとさせる、愕然とさせる
劣悪な、最悪な","He was appalled by the treatment he received at the clinic.
She suffered appalling injuries.
The bus service is appalling now.
The prisoners were living in appalling conditions.","優劣・是非, 感情・思考, 英検",3,,horrify,,appalling
"arrogant
arrogance
arrogate","傲慢な、思い上がった
傲慢さ、思い上がり
不当に要求する","He used to be known for his arrogance, but he is more humble now that he is older.","依頼, 性格・態度, 英検",3,,,,arrogant
"aspire
aspiring
aspiration","熱望する
意欲的な、〜を目指している
野心、大志、大望","As an aspiring bestselling author, he could do with the publicity. ベストセラー作家を目指す彼にとっては、宣伝効果も期待できる
Aspiring musicians need hours of practice every day.
The counselor spoke with the student about his hopes and aspirations for the future.","感情・思考, 英検, 計画・予定",3,,,,aspiring
"assert
assertive
assertion","主張する、断言する
主張が強い、はっきり意見を述べる
主張、断言","You shoud assert yourself more in the workplace.
She is trying to become more assertive so that people listen to her opinions more.","会話・伝達, 性格・態度, 英検",3,,,,assert
"assimilate
assimilation","同化する、同化させる、融合する、知識を吸収する
同化","The immigrants assimilated themselves to the new culture.
Not everyone is able to assimilate to a new culture.","影響・妨害, 英検",4,,,,assimilate
auxiliary,補助の、予備の,"He joined the auxiliary police force to protect his town. 彼は自分の町を守るため予備警察隊に入った
The hospital is now recruiting auxiliary staff. その病院では今補助スタッフを募集している",英検,4,,,ɔːɡˈzɪliəri,auxiliary
backdrop,背景,The city of Paris is the perfect backdrop for this love story.,"便利, 英検",4,,,,backdrop
ballot,投票用紙、無記名投票,Your ballot will be discarded if not filled out properly.,"社会・国家, 英検",4,,,,ballot
"banal
banality","ありふれた、平凡な、陳腐な
陳腐さ","He knew how banal the question was as soon as he had asked it. その質問がいかに平凡なものであるかは、質問した瞬間に分かった
The themes found in his poetry are rather banal.","優劣・是非, 英検",4,,,bəˈnɑːl(ˈbeɪnl),banal
binge,どんちゃん騒ぎする、大酒を飲む、過度の熱中,,"感情・思考, 英検",3,,,,binge
bleak,見通しが良くない、暗い、荒涼とした、寒い、殺風景な,"The future looks bleak for the fishing industry.
They faced a financially bleak Christmas.
Unemployment is high, and the job market looks bleak for new graduates.","優劣・是非, 英検",4,future,,,bleak
blur,ぼんやりする、薄れる,"The app makes it possible to blur the background of a photo.
More than half feel like the boundaries between work and home are becoming more and more blurred. 半分以上の人が仕事と家の境がどんどんぼんやりしてきていると感じている
My memory of it has blurred. その事について私の記憶は薄れた.","IT・工学, 英検",3,,,,blur
brag,自慢する、自慢,He bragged about his promotion to all of his colleagues.,英検,3,,,,brag
breach,(約束・契約などを)破る、違反する,"He breached his contract, which resulted in him being fired.","社会・国家, 英検",3,,,,breach
"breakthrough
make a breakthrough","飛躍的進歩
飛躍的な進歩を遂げる、突破口を開く","A breakthrough in genetic research may have unlocked the key to new anti-aging treatments.
My gut tells me that we're about to make a breakthrough, so don't give up just yet. もう少しで突破口を開ける気がするから、まだ諦めないで","便利, 英検",3,,,,breakthrough
"bribe
bribery","賄賂を渡す
賄賂",The man was charged for his involvement in the bribery scandal.,"社会・国家, 英検",3,offer,,,bribe
"brutal
brutality
brutalize
brute","残酷な、残忍な、野蛮な、厳しい、極めて率直な
残忍さ、野蛮、残虐行為
残忍に扱う
冷酷な人","With brutal honesty she told him she did not love him.
There are many films that portray the brutality of slavery.","優劣・是非, 性格・態度, 社会・国家, 英検",2,"crime
murder
killer
battle
violence
cold/heat
condition
news",,,brutal
"bureau
bureaucrat
bureaucracy
bureaucratic","局、事務所
官僚
官僚政治
官僚政治の",He works as an agent for the Federal Bureau of Investigation.,"社会・国家, 英検",4,,,,bureaucrat
"calamity
calamitous","悲惨なこと、災難
悲惨な","The destruction of the rainforest is a real calamity for the local people.
Failing that test was calamitous for him. その試験に落ちたのは、彼にとって悲劇的だった
The flood was a serious calamity for local farmers.","優劣・是非, 英検",4,,,,calamity
"capital
capitalize
capitalization
capitalism","資本、首都、中心地、長所、最初の、極めて重要な
資本化する、利用する、活用する
資本化
資本主義",We need to capitalize on the gains we made in the last quarter.,"カタカナ・象徴語, ビジネス・経済, 優劣・是非, 地理・気候, 社会・国家, 英検",4,,,,capitalism
cast,投げる、投げかける、振る,"The defense lawyer did his best to cast doubt on the witness’s testimony, but without much luck. 被告側弁護人は証人の証言に疑いを投げかけるべく全力を尽くしたが、あまり上手くいかなかった",英検,4,,,,cast
chronic,慢性的な,She has dealt with chronic pain ever since the car accident.,"医療・健康, 英検",4,,,,chronic
"circumstance
circumstantial","状況
状況の、状況に基づく","The evidence against him is only circumstantial, so he is unlikely to be found guilty.","便利, 英検",3,,,,circumstance
"cognition
cognitive
cognizant","認知、認識
認知の、認識の
認知して、気づいて","I'm not sure if coffee actually improves my cognition or whether it's just a placebo. コーヒーって本当に認知力をアップしてくれるのか、それともただのプラシーボ効果なのか、どっちなんだろう
The child’s cognitive development was normal despite the accident. 事故にも関わらず、その子どもの認知発達は正常だった
Not many people are cognizant of the fact that we're going to face a huge economnic crisis. 私たちがものすごい経済危機に直面しようとしていることに気づいている人はあんまりいないんだ","感情・思考, 英検",4,,,,cognition
"coherent / incoherent
coherently / incoherently
coherence / incoherence
cohere","筋の通った、一貫性のある / 支離滅裂な、辻褄の合わない、一貫性のない
一貫性 / 一貫性のなさ
辻褄が合う、整合性がある","The president has not presented a coherent plan for dealing with it.
She was struggling to organize her ideas into a coherent whole.
She started talking in her sleep, but her speech was totally incoherent.
He is able to speak coherently about politics.
I can't believe you anymore. There is no coherence between what you're saying and what you're doing.
This view does not cohere with their other beliefs.","便利, 意見・説明, 数量・論理, 英検",3,remark / speech,,"kəʊˈhɪrənt
ˌɪnkəʊˈhɪrənt/ˌɪnkəʊˈherənt

kəʊˈhɪr",coherent / incoherent
"commence
commencement","始める、始まる
始まり、卒業式（人生の始まり）",She quit the company and commenced her own business.,"時間・頻度, 英検",4,,,,commencement
"compliment
complimentary","褒める、賞賛、光栄なこと、敬意を表す行動
賞賛の、お世辞の、無料の","She complimented on my new haircut. 彼女は私の新しい髪型を褒めてくれました
It's a great compliment to be asked to do the job. その仕事を依頼されるのは、とても光栄なことです
When you get a compliment, receive it with a smile and say ""thank you."" 褒められた時は、笑顔で受け止めて、「ありがとう」と言いましょう
Soft drinks are complimentary. ソフトドリンクは無料でお召し上がりになれます
The hotel offered complimentary coupons for breakfast. そのホテルは無料朝食クーポンを出していた","ビジネス・経済, 優劣・是非, 感情・思考, 英検",2,,,,compliment
"comply (with A)
compliance","従う
順守",The paper certifies that the factory is in compliance with all safety regulations.,"ビジネス・経済, 英検",2,,,,comply (with A)
"conceit
conceited","自惚れ、自尊心
自惚れた",His conceit makes him a difficult player to coach.,"性格・態度, 英検",3,,,,conceited
"condemn
condemnation
condemnatory","非難する、責める、〜することを余儀なくする
非難、糾弾
非難するような",The company’s excessive pollution has drawn condemnation from environmental organizations.,"会話・伝達, 英検",4,,,,condemn
"conform
conformity
conformist","従う、順応する、合致する
順応
従う人、順応主義者","There is considerable pressure on teenagers to conform.
He refused to conform to the local customs.
The building does not conform with safety regulations.
He doesn't conform to the national stereotype of a Frenchman. 彼は一般的なフランス人の固定観念には合致しない
The musician has long said he will never be a conformist.","人・職業, 英検",3,,,,conform
"consequence
consequent
consequently
consequential / inconsequential","結果、重要性
結果として生じる、当然の
それによって、その結果として
重要な、影響の大きい / 取るに足りない、重要でない","I lost a lot of money as a consequence of speculative trading.
Our use of harmful chemicals and the consequent damage to the environment is a very serious matter.
All the shops were closed, and consequently we couldn't buy any food.
I spent most of my money in the first week and consequently had very little to eat by the end of the holiday.
The change of government had an inconsequential effect on economy.","便利, 優劣・是非, 数量・論理, 英検",3,,,,consequence
"conspire
conspirator
conspiratorial
conspiracy","企てる、共謀する
陰謀者、共謀者
共謀の、秘密めいた
陰謀、共謀","The church was famous for its beautiful mosaics influenced by Byzantine art.
Many people seem to believe that particular conspiracy.","社会・国家, 英検",3,,,,conspire
"constrain
constraint","制約する、束縛する、強いる
制約、制約するもの、束縛するもの",We were constrained by the very small budget for advertising.,"社会・国家, 英検",3,,,,constraint
"contain
containment
container","含む、抑制する、我慢する
制御、封じ込め
容器、コンテナ",The containment of the fire was a top priority for all the firefighters.,"カタカナ・象徴語, 物, 英検",3,,,,container
"contemplate
contemplative
contemplation","熟考する
熟考するような、瞑想的な
熟考",The philosopher spent his life contemplating the meaning of free will.,"感情・思考, 英検",3,,,,contemplate
"contend
contention
contentious
contender","争う、主張する、対処する
主張
議論を引き起こす、論争好きな
競争相手","The employees contend that they deserve a raise in pay.
I've applied for the graduate position, but I'm not too confident about it because I'm contending with a lot of highly qualified people. 新卒採用に応募しましたが、優秀な人たちと争っているので、あまり自信はありません
I like to see my mvp on a contending team but not if they are going to do something that has never been done. 私はMVPは競争力のあるチームの選手がいいけど、誰もやったことがないことをしているなら話は別だ
The government has a lot of serious problems to contend with at the moment.
We had a contentious relationship, so we decided to break up. 私たちは喧嘩ばかりするような関係だったので、別れることになりました","人・職業, 会話・伝達, 英検",4,,"compete
cope
assert",,contend
"contradict
contradiction
contradictory","矛盾する、逆らう、否定する
矛盾
矛盾した","Recent experiments seem to contradict earlier results.
You've just contradict yourself. 自分の言ったことと矛盾してますよ
The two stories contradict each other.
You shouldn't contradict your boss. 上司に逆らわない方が良いよ
All evening her husband contradicted everything she said.
His explanation was full of lies and contradictions. 彼の説明は嘘と矛盾だらけだった
She pointed out the contradiction between Wilson's statements and his votes in the Senate. 彼女は、ウィルソンの発言と上院での投票に矛盾があることを指摘した
His words and actions are contradictory. 彼の言うことと行動は矛盾している
You want to be famous, but you don't want to do social media? That's a bit contradictory. 有名になりたいけどSNSはやりたくないって、少し矛盾していない？
Your essay is full of contradictory statements that do not make sense.","数量・論理, 英検",3,,,,contradict
"convey
conveyance","伝える、感じさせる、運ぶ
運搬、輸送、輸送手段、乗り物","Please convey my apologies to your wife.
Colors like red convey a sense of energy and strength.
The stone was conveyed by river to the site.
The transportation company specializes in the conveyance of hazardous materials.","動作, 感情・思考, 英検",2,,,,convey
"cordial
cordially","心の底からの、誠心誠意の、友好的な
心から、本気で","She sent a cordial letter to the company. 彼女は誠心誠意の手紙をその会社に送った
Relations between the two leaders are said to be cordial.
The two statesmen are known to have a cordial dislike for each other.
You are cordially invited to a celebration for Mr. Michael Brown on his retirement.
You are cordially invited to our annual cancer fundraiser on June 5.","感情・思考, 英検",4,,,,cordial
(daily) grind,（日々の）単調で退屈な仕事、（穀物やコーヒー豆を）挽く,"Brad has been doing the same job for thirty years. He’s tired of the daily grind!
Now the vacation is over. We have to go back to the daily grind.
The two-week trip would be a great escape from the daily grind.","ことわざ・比喩, ビジネス・経済, 英検, 食べ物・料理",3,,,,daily grind
"defame
defamation
defamatory","中傷する、侮辱する
中傷
中傷的な",Famous people are often defamed by the media.,"会話・伝達, 社会・国家, 英検",3,,,,defame
"deplete
depletion","減少させる、枯渇させる
破壊、減少、枯渇","I love tuna sashimi, but it's getting more and more expensive because overfishing over the last few years has depleted the tuna population.
Is it true that you should only charge your phone when the battery is fully depleted?
Now that it is October, the store’s stock of summer clothes is depleted.
I wonder what's causing the depletion of my money.","数量・論理, 社会・国家, 英検",4,,,,deplete
deter,阻止する、引き止める、防ぐ,"Hard work never deters her from her goals. 仕事のつらさも、決して彼女の目標を阻むことはない
I told him I wasn't interested, but he wasn't deterred. 私は興味がないと言ったが、彼は引き下がらなかった
Nothing could deter him from leaving the town.",英検,4,,prevent,,deter
"deteriorate
deterioration",悪化する、悪化させる,"The deterioration of the local soil due to overuse began to affect harvests.
His condition deteriorated after he stopped the cancer treatment.","優劣・是非, 英検",4,,,,deteriorate
"devastate
devastating
devastation","破壊する、壊滅させる、打撃を与える
破壊的な
破壊、荒廃","I was devastated by your lies. あなたにうそをつかれて、私の心は粉々です
The city was devastated by a huge earthquake.","優劣・是非, 影響・妨害, 社会・国家, 英検",3,,,,devastate
"diagnose
diagnosis
diagnostic","診断する
診断、診断結果
診断の、診断に用いる、特徴的な、兆候、特徴","My mother was diagnosed with cancer.
The diagnosis of her health was not good.
It is possible that your doctor's diagnosis is incorrect.
He was diagnosed with a rare liver disease, but luckily it is not very serious.","医療・健康, 英検",3,,,,diagnose
"diffuse
diffusion","発散する、広がる
発散、普及","Their ideas diffused quickly across Europe.
The lighting was beautifully diffused throughout the room.","位置・方向, 英検",4,,,,diffuse
"digress
digression","本題から逸れる、脱線する
話の脱線","If she didn't digress, the meetings would finish sooner. 彼女が脱線しなければ、会議はもっと早く終わっていただろう
The professor apologized for the digression and resumed his lecture. 
The lecturer temporarily digressed from her subject to deal with a related theory.
To digress for a moment, I would like to emind you that there will be no classes next week.
I'm digressing, but -
His speech was full of digressions about his time in the army. その演説は、軍隊時代の余談に終始していた","会話・伝達, 英検",3,,,,digress
dilemma,ジレンマ、選択に悩んでいる状態,"He faced a dilemma: save his job or save his marriage.
After years of recession, the company was in a dilemma over its future. 長年の不況で、会社の将来にジレンマを抱えていたのだ
Women may still be faced with the dilemma of choosing between jobs and families. 女性は、仕事と家庭のどちらを選ぶかというジレンマに今も直面しているのかもしれません","カタカナ・象徴語, 便利, 英検",3,,,,dilemma
"discipline
disciplinary","分野、しつけ、訓練、規律、しつける、懲らしめる
懲戒の、規律上の、訓練の","What discipline of science did you specialize in? 科学のどの分野が専攻だったの？
The only way I'm going to pass this exam is if I'm disciplined enough to stick to my study plan. この試験に合格する唯一の方法は、自分を律して計画通り勉強をやり抜くことなんだ
The university decided to take disciplinary action against some students.","教育・学校, 英検",3,,,,discipline
"dismiss
dismissal","解任する、却下する
解任。却下、放棄","She was irritated when her boss casually dismissed her proposal.
The director dismissed criticisms of his film, saying they “missed the point.”","ビジネス・経済, 英検",3,,,,dismiss
dispatch,派遣する、急送する,"A courier was dispatched to collect the documents. 宅配業者が書類を集めるために派遣された
More troops were dispatched to the front lines this week.","ビジネス・経済, 英検",3,,,,dispatch
"dissent
dissenting
dissension","反対する、異議を唱える、意義、反対意見
反対（意見）の
",She voiced her dissent on the decision to downsize the company.,"会話・伝達, 意見・説明, 英検",4,,,,dissent
"distress
distressing","苦悩、苦痛、心配、苦しめる
悲惨な、痛ましい、辛い","The loss of his house caused the man great distress. 家を失ったことはその男にとってとても苦痛だった
The newspaper article caused the actor considerable distress. その新聞記事が、この俳優を大いに悩ませた
We could see the teacher's distress when we didn't study. 私たちが勉強しないと先生が悲しむことが分かった
The video of the plane crash was very distressing to watch.","優劣・是非, 感情・思考, 英検",4,,,,distress
"verge
diverge","間際、瀬戸際、へり、境界
離れる、分かれる",Many animals are on the verge of extinction because of humans.,"位置・方向, 英検",4,,,,diverge
"diverse
diiversity
diversify
diversification","多様な
多様性
多様化する、多角化する、（資本などを）分散させる
多様化",Some countries are starting to take steps to diversify energy sources.,"数量・論理, 英検",2,,,,diverse
downplay,軽く扱う、過小評価する,"The government downplayed the effect of the disaster.
In its advertising, the drug company tries to downplay the medicine’s side effects.","感情・思考, 英検",4,,,,downplay
"dub
dubbed (version)","呼ぶ、吹き替える
吹き替え版",The movement was dubbed by the media “Arab Spring.”,"会話・伝達, 芸術・音楽, 英検",3,,,,dubbed (version)
eclipse,日食、月食、輝きの喪失、衰退、凌駕する、影を薄くする、,"Older people in the company often fear their skills will be eclipsed by the knowledge and ability of new hires. 社内にいる年齢の高い人は、新入社員の知識や能力に自分のスキルが凌駕されることを恐れている
The scientist’s discovery has been eclipsed by the scandal. その科学者の発見は、スキャンダルのせいで影が薄くなった","優劣・是非, 地理・気候, 英検",4,,,,eclipse
"ecstatic
ecstatically
ecstasy","熱狂的な、恍惚とした
有頂天になって、恍惚に
無我夢中、有頂天","Sally was ecstatic about her new job.
Martin was not exactly ecstatic at the news.
She was ecstatic when they announced her as the winner of the award.
For a time, we were ecstatically happy.
He had never felt such ecstasy as he did that night.","感情・思考, 英検",3,happy,,,ecstatic
"elated
elation","幸せな、大喜びで
幸福感、有頂天","She was elated at the prospect of a holiday. 彼女は休日を前にして意気揚々としていた
They were elated at the birth of their first child.","感情・思考, 英検",4,,,,elated
"eloquent
eloquence
elocution","雄弁な
雄弁
演説法、発声法",She decided to take elocution lessons to lose her Scottish accent.,"性格・態度, 英検",2,,,,eloquent
"empathize
empathy","共感する
共感","I know what it's like to have migraines, so I really sympathize with you. 偏頭痛の辛さが分かるので、あなたの気持ちがよくわかります
It is important to empathize with and understand others.
She had a deep empathy with animals.
The nurse should try to develop empathy between herself and the patient.","感情・思考, 英検",2,,,,empathize
"enchant
enchanting
enchantment","魅了する、魅惑する
魅力的な
魅力",Her charisma enchanted a lot of people.,"優劣・是非, 英検",4,,,,enchant
"enigma
enigmatic
enigmatically","謎、謎めいたもの
謎めいた
謎めいて","She just quit social media without telling anybody. She's such an enigma.
She approached me with an enigmatic smile.",英検,4,,,,enigma
epidemic,流行、伝染（病）、蔓延、蔓延している,"Social media addiction is an epidemic, and I don't think there's a cure.
The flu epidemic has gotten so severe that some schools have temporarily closed.","医療・健康, 英検",3,,,,epidemic
"equity
equitable
equitably","公平、公正
公平な
公平に",The court ordered an equitable distribution of the divorced couple’s assets.,英検,4,,,"ˈekwɪtəbl
ˈekwəti",equitable
"euphoria
euphoric","幸福感、高揚感、多幸症
多幸感にあふれた",,"医療・健康, 感情・思考, 英検",4,,,,euphoria
"evaporate
evaporation","蒸発する、消える
蒸発","The sun’s heat evaporates water from oceans, lakes, rivers, etc.","物理・化学, 英検",3,,,,evaporate
"exempt (from)
exemption","免除する、免除されている、適用対象外である
免除","The interest on the money is exempt from tax.
Religious organizations are exempt from taxation. 宗教団体は課税を免除されている
Some students are exempt from certain exams.
Research might be considered exempt from regulation. 研究は、規制の対象外と考えることができるかもしれません
He was exempted from military service because of his heart condition.","社会・国家, 英検",4,,,,exempt from A
"exert
exertion",(影響などを)及ぼす、発揮する、行使する,"He exerted all his authority to make them accept the plan.
The large company was able to exert its influence over the local government.","影響・妨害, 英検",4,,,,exert
"explicit
explicitly","明確な、はっきりとした
明確に、はっきりと","I like how my boss always gives me very explicit instructions on how he wants something done.
Even though the teacher explicitly explained the details of the activity, several students still had no clue what to do.",英検,2,,,,explicit
"exponential
exponentially","指数関数的な、急激な、飛躍的な
指数関数的に、急激に、飛躍的に","On average, one new user invited two more, making the growth of the social network exponential.
There has been exponential growth in the number of TikTok users over the last three years.
Once he immersed himself in the culture, his Spanish improved exponentially.","数量・論理, 程度・確度, 英検",3,,,,exponential
"exquisite
exquisitely","極めて美しい、実に素晴らしい
精巧に","The food at the restaurant was exquisite.
From the beautiful presentation to the unique blend of flavors, the meal was exquisite.","優劣・是非, 英検",4,,,,exquisite
"extract
extraction","抽出する、抜く、引き出す、聞き出す
抽出、採取、抜歯","The new machine extracts oil from seeds more efficiently.
I'm going to try and extract some more details from Dave. デイヴからもっと詳細を引き出してみるね
I had two wisdom teeth extractions today. 今日親知らずを2本抜きました","会話・伝達, 動作, 医療・健康, 英検",3,,,,extract
extraterrestrial,地球外の、地球外生命体、宇宙人,The scientist believes that there may have once been extraterrestrial life on Mars.,"物理・化学, 英検",5,,,,extraterrestrial
"extremist
extremism","過激派
過激主義",The police arrested several extremists who were planning a terrorist attack.,"人・職業, 感情・思考, 社会・国家, 英検",4,,,,extremist
"fabric
fabricate
fabrication","構造、基盤、生地、布、織物
製作する、組み立てる、でっち上げる、捏造する
捏造","I know this jacket costs a lot, but the fabric is so nice. このジャケット高価なんだけど、生地がすごく良いんだよね
It was later revealed that the journalist had fabricated the entire story.","ビジネス・経済, 便利, 英検",3,,,,fabric
"faction
factional","派閥
派閥（間）の","Each faction in the party wanted its candidate to have the job.
Several opposing factions in the party joined forces to take control.","社会・国家, 英検",3,,,,faction
faculty,学部、能力、機能、教授陣,His intellectual faculties are still acute despite his advanced age.,"人・職業, 便利, 英検",4,,,,faculty
"flex
flexible
flexibly
flexibility","手足を曲げる、筋肉をほぐす
柔軟な
柔軟に
柔軟性","The bodybuilder flexed his muscles for the judges to see.
*We started to work more flexibly by COVID-19.","動作, 英検",2,,,,flex
footage,映像、場面、ビデオクリップ、(フィートでの)サイズ,"People see live footage of the war at home on their televisions.
Everyone thought this rare footage from the old movie had been lost.","カタカナ・象徴語, 芸術・音楽, 英検",3,,,,footage
"foresee
foreseeable","予測する、予知する、予見する
予測可能な","We do not foresee any problems.
It is impossible to foresee how life will work out.
I just didn't foresee that happening.
The tribe’s people did not foresee how technology would change their society.","感情・思考, 時間・頻度, 英検",3,,,,foresee
"foresight
hindsight","先見の明、予感、展望
後知恵、後から判断する能力","They had the foresight to prepare a bag for emergencies.
He must have excellent foresight because the bridge he designed 80 years ago is still in use. 彼には素晴らしい先見の明があったに違いない。80年前に彼が設計した橋が今でも使われているのだから
In hindsight, I should not have booked this trip in the summer.","便利, 英検",4,,,,foresight
"fraud
fraudulent
fraudulently
fraudulence
defraud","不正行為、詐欺、詐欺師
不正の、詐欺の
不正に、騙して
不正、詐欺
騙し取る、搾取する","I've installed a surveillance camera to prevent employee fraud like the theft of money.
He discovered fraudulent payments had been made with his credit card.
The woman used several fake identities to defraud the bank.","社会・国家, 英検",3,,,,fraud
freight,運送貨物、貨物輸送,All the freight was lost when the ship sank.,英検,4,,,,freight
gauge,測る、判断する、評価する、測定基準、判断基準、測定機器(メーター),"I gauged the distance to the next mountain peak. : 私は、隣の山の頂までの距離を測りました
Children often try to gauge their parents' moods. 子どもたちは、よく、親の気分を推し量ろうとします
He changed the content of his speech after gauging the mood of the audience. 彼は聴衆の雰囲気を見て、スピーチの内容を変えた","IT・工学, カタカナ・象徴語, 便利, 物, 英検",3,,,,gauge
posture,姿勢、態度、格好をつける、ポーズを取る,"Good posture is essential when working at the computer.
Bad posture can lead to back problems when you get older.
I try to maintain a posture of gratitude, even during difficult times.","カタカナ・象徴語, 医療・健康, 感情・思考, 英検",3,,,,good posture
gregarious,集団を好む、社交的な,"Unlike her gregarious sister, she has a hard time talking to new people.","人・職業, 英検",4,,,,gregarious
haggle,値切る,"It's very normal to haggle the price of things at the market.
She was not used to haggling, so she ended up paying too much for the items.","ビジネス・経済, 英検",3,,,,haggle
"hallucinate
hallucination","幻覚を見る
幻覚","Heathcliff startted hallucinating Cathy's image everywhere.
The patient seemed to be hallucinating at that time.
High temperatures can cause hallucination.
I thought I saw Yukari on the train, but it must have been a halluciation. 電車の中でゆかりを見たと思ったんだけど、あれは幻覚だったに違いない","IT・工学, 医療・健康, 英検",4,,,,hallucinate
halt,中止する、停止する、食い止める、止まる、中止、停止,The war halted the export of important resources to other countries.,"影響・妨害, 英検",4,,,,halt
hassle,煩わしい、面倒な、骨の折れる,Getting to the airport from here is such a hassle.,"優劣・是非, 英検",2,,,,hassle
"hilarious
hilarity","とても面白い、滑稽な
爆笑、滑稽",Everyone was laughing at his hilarious story.,英検,3,,,,hilarious
"hinder
hinderance","妨げる、妨害する
妨害","Your fear of making mistakes is hindering your communicational English. 間違いを恐れることが英語を喋る妨げとなっています
Production was hindered by low morale at the factory.","影響・妨害, 英検",4,,,,hinder
hub,中心、中枢、拠点、重要な場所,"Is Osaka the hub of the Kansai region?
The kitchen was the hub of family life.
Toronto could be called the transportation hub of Canada.","便利, 地理・気候, 英検",3,,,,hub
hunch / have a hunch (that) -,予感、勘、直感、かがむ、（腰・肩などを）丸める / 〜の予感がする,"It seemed that the doctor's hunch had been right.
My hunch is that the are still in the area.
I had a hunch (that) you'd be back.
He hunched his shoulders and thrust his hands deep into his pockets.
She had a hunch that the stock market would crash, so she sold her shares.","便利, 動作, 意見・説明, 感情・思考, 英検",3,,,,hunch
"hygiene
hygienic
hygienically","衛生、清潔
衛生的な、清潔な
衛生的に、清潔に","I can't share a room with somebody that has poor personal hygiene.
The restaurant was shud down for failiing to maintain minimum standards of hygiene.
The restaurant didn’t look very hygienic.","医療・健康, 英検",3,,,,hygiene
"hype
hyperbolic","誇大広告、誇大広告する
大袈裟な、誇張した",The director’s movies always live up to the hype. その監督の映画はいつも派手な宣伝に違わぬ素晴らしさだ,英検,4,,,,hyperbolic
"identify
identity
identification(ID)
identical","特定する、(正体・身元を)認証する、識別する、割り出す、同一視する
正体、身元、自我
識別、身元確認、身分確認証
同一の、一致している","The police are still trying to identify the body found on the mountain.
*Now that we can pay with e-money at most shops, so I don't need to carry my wallet except for my identification.
This is the identical room we stayed in last year.
Her dress is almost identical to mine.","ビジネス・経済, 物, 英検",3,,,,identify
"mortal / immortal
mortally
mortality","致命的な、死ぬ運命の / 不死の、不死身の
致命的に
死亡、死亡数、死亡率、死ぬ運命","Who doesn't want to be immortal? 不死を願わない人がいるだろうか？
As a country becomes more developed, its infant mortality rate drops.","医療・健康, 社会・国家, 英検",4,,,,immortal
imperative,必須の、緊急の、命令的な、差し迫って必要なもの、義務,"It's imperative that you get used to driving on the right side of the road before you head to the U.S.
I think saving money for my son to go to university in the future is a moral imperative. 息子が将来大学に行くためにお金を貯めておくことは、人としてやるべきことだと思う
It is imperative that they get to the airport in time for their flight.","優劣・是非, 英検",3,,,,imperative
impetus,推進力、原動力、勢い、弾み、刺激、きっかけ,"The vocabulary book will surely give impetus to your English studies. この単語帳は確実に英語学習に拍車をかけてくれるんだ
The increase in homelessness was the impetus for the new policy.","便利, 物理・化学, 英検",4,,,,impetus
"imply
implicit
implicitly
implicate
implication
implications","暗示する、ほのめかす
暗黙の、それとなしの
暗黙のうちに
関与を示す、示唆する
隠れた意味、含意、関わり、関与
推測されること、予想される結果","The writer and his editor do not have a formal contract but rather an implicit agreement.
Research revealed this gene is implicated in the development of the disease.
*There's a lot of implication in Japanese words.
What do you see as the implications of this policy? この政策の持つ意味をどうお考えですか？
What are the implications? それでどういうことになる？","会話・伝達, 便利, 英検",2,"information
expression
comment",,,imply
"impose
imposition","課す、押し付ける
税、負担、押し付け","Let's impose a time limit on it. それに期限をつけましょう
School should not impose religious teaching. 学校は宗教教育を強行すべきではない
Don't impose your values. 君の価値観を押し付けないでよ
If it is no imposition, we will gladly accept your offer. 無理強いしないのなら、喜んであなたの申し出をお受けします","ビジネス・経済, 便利, 英検",3,,,,impose
"improvise
improvisation","即興でする、即興で作る（仮で〜する）
即興で作ること、アドリブ","improvised seat 即席で作った座席
His presentation materials would not load, so he had to improvise.","カタカナ・象徴語, 英検",3,,,,improvise
"retrospect / in retrospect
retrospective","回想、回顧 / 振り返ってみると
回顧的な","In retrospect, it was a good decision.
In retrospect, spending that much money on a toy was a bad idea.","感情・思考, 時間・頻度, 英検",3,,,,in retrospect
"incident
incidence","出来事
発生（率）",The area has high incidence of cancer compared to the national average.,"便利, 社会・国家, 程度・確度, 英検",3,,,,incident
"increment
incremental
incrementally","増大、増加
少しずつ増加する
少しずつ","His doctor recommended making incremental changes to his diet over the following months.
My hometown's developed incrementally over the past few years.","数量・論理, 英検",3,,,,incrementally
incur,負う、被る、受ける,She incurred a huge debt by gambling at casinos.,"ビジネス・経済, 英検",4,debt,,,incur
"indicate
indication
indicative
indicator","示す
兆候、兆し
示している、暗示している
指標、指示","I'm sure Jim was nervous when he was making that speech, but he gave no indication. ジムはスピーチで緊張してたはずなんだけど、そんな感じはしなかった
The presence of mosquitos is indicative of still water.
The economic indicators are better than expected.
These atmospheric waves are a reliable indicator of weather changes.
The stock market is seen as a leading indicator of economic growth.","便利, 英検",3,,,,indicator
indispensable,不可欠な,He was indispensable to the team and their success.,"優劣・是非, 英検",3,,,,indispensable
"induce
induce sb to do
inducement","説得する、勧誘する、その気にさせる、誘発する
誘因、刺激","I failed to induce him to see a doctor. 彼に医者に行くよう説得したが失敗した
Prior to the procedure, the doctors will give you a drug to induce sleep.","会話・伝達, 数量・論理, 英検",3,,,,induce
"induct
inductive
induction","就任させる、任命する
誘導の、誘導的な、帰納的な
就任、加入、電気誘導、帰納法",She was inducted as an honorary member of the association in 2013.,"ビジネス・経済, 数量・論理, 物理・化学, 英検",4,,,,inductive
"indulge
indulgent
indulgently","甘やかす、溺れる、没頭する、好きなだけ楽しむ
甘い、寛大な
寛大に","You indulge your kids too much. あなたは子どもを甘やかしすぎだ
After he lost his wife, he indulged in drinking. 彼は妻を亡くした後、お酒に溺れた
I spent a day indulging my passion for music. 私は大好きな音楽を満喫して一日を過ごした
Every Friday, she indulges herself by buying an expensive steak at the grocery store.","人・職業, 感情・思考, 英検",3,,,,indulge
"infant
infancy
infantile","幼児、乳児
幼児期、乳児期、初期段階
幼児の、乳児の",She told him that his infantile behavior was not appropriate for a grown man.,"人・職業, 時間・頻度, 英検",3,,,,infant
"infer
inference","推論する、推定する
推論、推定","He inferred from what she said that he would not be promoted.
It is difficult to infer anything from such evidence.
What inferences can we draw from this data?",英検,4,,,,infer
"infringe
infringement","侵害する、制限する
侵害、違反",Don’t infringe on our privacy.,"社会・国家, 英検",4,,,,infringement
"inherent
inherently","生まれつきの、本質的な
生まれつき","Is the ability to dance inherent or acquired? ダンスが上手いのって生まれつきかな？それとも後から習得できるのかな？
The corporation’s size gives it an inherent advantage over competitors.
I'm an inherently lazy person.","生物・動物, 英検",3,,,,inherent
inmate,囚人、受刑者,He volunteers once per per week to teach computer programming to prison inmates.,"人・職業, 社会・国家, 英検",4,,,,inmate
"insular
insularity","島の、島国の、島国根性の、偏狭な
島国根性",The village is quite isolated and people there are insular.,"地理・気候, 性格・態度, 英検",4,,,,insular
intake,摂取量、採用者(数)、入学者(数),The doctor advised her to increase her daily intake of water.,"ビジネス・経済, 医療・健康, 教育・学校, 数量・論理, 英検, 計画・予定",4,,,,intake
integritly,誠実さ、完全性,There is significant evidence that business leaders with integrity are more successful.,"性格・態度, 英検",4,,,,integritly
"intense
intensely
intensive
intensively
intensity
intensify","激しい、強烈な、真面目な、熱心な
激しく、強烈に、真面目に、熱心に
集中した、徹底的な、強い、激しい
集中して、集中的に、熱心に
強烈さ
激しくする、強める","The exam was really intense, but I managed to pass it, thanks to all my preparation. その試験はめちゃくちゃきつかったけど、準備して望んだおかげでなんとか合格できたよ
I prefer to work intensely for five or six hours a day rather than take it easy for 12 hours. 12時間のんびりやるより、1日5、6時間集中してやる方が好きなんです
She was studying intensively six days a week.
As their savings depleted, they intensified their efforts to find an investor.","性格・態度, 程度・確度, 英検",2,"pain
heat
cold
competition
relationship
training
course
study",,,intense
"intend
intent
intention
intentional
intentionally","意図する、〜するつもりである
意図、目的、含意、一点を見つめた、集中した、意思の固い
意図、目的
故意の、意図された
故意に、わざと","The original intent of the policy was to make it easier for young people to buy their own homes.
He broke the rule by intention, not by mistake.
I have no intention of going to the wedding.
He left the U.S. with the intention of traveling in Africa. アフリカを旅するつもりで、アメリカを発った
I have every intention of paying her back what I owe her. 借りたものは必ず返すつもりです
It was not my intention that she should suffer. 彼女が苦しむのは私の本意ではありません
The original intention was to devote three months to the project. 当初は3カ月間、このプロジェクトに専念するつもりだった
I'm sorry I left you off the list—it wasn't intentional.
She would never intentionally hurt anyone.","便利, 英検, 計画・予定",2,,,,intent
"intervene
intervention
interval","介入する、割って入る、遮る
介入、介在
隔たり、間隔、距離、区間
","Eventually, the army was forced to intervene.
Government often intervenes decisively in major professional issues in medicine.
She went over to intervene between the two men.The brother and sister’s mother intervened when they started to get violent.
The interval between major earthquakes might be 200 years.
Try setting your automatic email checker to 30-minute intervals.","カタカナ・象徴語, 位置・方向, 影響・妨害, 時間・頻度, 英検",3,,,,intervene
"intimidate
intimidate 人 into doing
intimidating
intimidation","威圧する
〜を脅して〜させる
威圧的な、びくびくさせるような
脅し、脅迫、威嚇","I sometimes feel intimidated by smart people. 賢い人ってたまに怖いときがあるんだよね
My boss is the worst. He intimidates me into keeping silent about his mistakes.
The government has said that it will not be intimidated by terrorists.
Do you find Connie intimidating because she's tall, or because she's loud? 彼女が威圧的に見えるのって、背が高いからかな？それとも声が大きいから？","性格・態度, 感情・思考, 英検",3,,,,intimidate
"intricate
intricately
intricacy","複雑な、込み入った
複雑に
複雑さ","I love how intricate the patterns are on this shirt.
The Alhambra in Granada, Spain, is known for its intricate carvings and unique design.
The hijacking operation was intricately planned.",英検,4,,,,intricate
"intrigue / be intrigued with
intriguing
intriguingly","興味を惹きつける、陰謀を企てる、陰謀、悪巧み / 〜に興味がある
面白いことに","Her idea for a fast-food Indian restaurant intrigued the investor.
I was very intrigued by the range of species found on that island.
Intriguingly, most people don't know Facebook owns Instagram and WhatsApp.","感情・思考, 社会・国家, 英検",3,,,,intrigue
"intrude
intrusive
intrusion
intruder","侵入する、押し入る、邪魔する
煩わしい、押し付けがましい
侵入
侵入者","Putting a soft contact lens in the eye is not very intrusive. ソフトコンタクトレンズを目の中に入れることはそれほど煩わしいことではありません
I don't like their intrusive sales methods.
She has always struggled to deal with her intrusive thoughts.","人・職業, 優劣・是非, 英検",4,,,,intrusive
"invariable
invariably","変わらない、変えられない、不変のもの、定数
いつも、必ず、相変わらず","She invariably eats out, so everyone was surprised when she brought her hunch to work.","数量・論理, 程度・確度, 英検",3,,,,invariable
"labor
laborious
laboriously","仕事、労働者、陣痛、働く、苦労する、肉体の
手間のかかる、努力を要する
手間をかけて","I think I'm in labor. 陣痛が始まったんだと思います
Translating an entire book is a laborious task that requires attention to detail and patience.","ビジネス・経済, 医療・健康, 社会・国家, 英検",3,,,,labor
"lasting
long-lasting","長く続く
長く続く、持続的な",That company sells long-lasting mascara that is also waterproof.,"時間・頻度, 英検",3,,,,lasting
leeway,余裕、裁量,"There is no leeway to provide services free of charge for the sake of others. 他人のために無償でサービスをする余裕はない
Rarely do schoolteachers have leeway to teach classes the way they want. 学校の先生が自分の好きなように授業をする余裕があることはほとんどありません
The government does not have much leeway in foreign policy.
The new policy gives managers more leeway in deciding which employees to promote.","便利, 英検",4,,,,leeway
leverage,利用する、使う、てこの力、影響力,"I think you can leverage the skills you have to make more money in a different field. 君は今あるスキルを利用して違う分野でもっと稼げるよ
I don't have enough leverage to guarantee you a job at my workplace, but I can at least try to get you an interview.
The player’s great performance gave him a lot of leverage when negotiating a new contract.","便利, 物理・化学, 英検",3,,,,leverage
"liable / liable to do
liability","責任がある、義務がある / 〜してしまいがちである
（法的）責任",He is liable to sleep during the class.,"感情・思考, 社会・国家, 英検",3,,,,liable to do
linger,長居する、長引く、なかなか消えない,"The aftermath of COVID still lingers.
She lingered in her seat for a few minutes after the movie was over.","時間・頻度, 英検",3,,,,linger
livelihood,生活に必要なお金、生計、生活,"That farm is his livelihood.
The boat was his main source of livelihood.
The people of the village rely on the river for their livelihoods.","ビジネス・経済, 英検",3,earn,,,livelihood
loom,不気味に現れる、迫っている,"Further problems loomed ahead of us.
The day of the election loomed ever closer.
The deadline to turn in his thesis looms closer every day.","時間・頻度, 英検",4,,,,loom
loophole,逃げ道、抜け穴,"People who don't want to pay tax will exploit any loophole.
The law will close a loophole that was allowing companies to avoid paying taxes.","便利, 英検",3,,,ˈluːphəʊl,loophole
loot,略奪する、略奪品、戦利品,Some demonstrators began to loot the stores.,"社会・国家, 英検",4,,,,loot
lurk,隠れる、潜む、待ち伏せる,"The thief lurked in the bushes, waiting for everyone to leave.","動作, 英検",4,,,,lurk
"manifest
manifestly
manifestation
manifesto","明示する、表明する、明らかな
明らかに
表明、表れ
マニフェスト","They say kids manifest their own names. 子供は自分で名前を引き寄せるんだって
The importance of stories is manifest in the popularity of books and films.","会話・伝達, 社会・国家, 英検",3,,,,manifest
"mimic
mimicry","真似する、モノマネする
まね、模倣、擬態","She began mimicking a baby to make him laugh. 彼女は彼を笑わせるために赤ちゃんの真似を初めた
She was too far away to hear him so he began mimicking typing on a computer to tell her he was working. 彼女は遠くにいて聞こえなかったため、彼はタイミングをする動きをして仕事中であることを彼女に伝えた
Parrots are a species of bird with particularly impressive mimicry skills.",英検,3,,,,mimic
"fortune
misfortune","幸運、運命、財産
不幸","The company made a small fortune by producing spare parts for other products.
You shouldn't laugh at people's misfortune.","感情・思考, 社会・国家, 英検",2,,,,misfortune
"mitigate
mitigation",和らげる、軽減する,"Healthy eating and exercise will mitigate your health worries.
Taking motion sickness pills can mitigate some negative side effects of this drug.","医療・健康, 英検",3,,,,mitigate
momentum,勢い、弾み,"I don't think that the momentum behind Bitcoin will continue indefinitely. ビットコインの勢いがこのまま続くとは思わないな
The investigation gained momentum after new evidence was discovered.","便利, 英検",3,,,,momentum
"monopoly
monopolize
monopolization
monopolistic
monopolist","独占、独占事業、独占企業
独占する
独占化
独占的な
独占者",That airline basically has a monopoly on that particular flight route.,"ビジネス・経済, 人・職業, 英検",4,,,,monopoly
"municipal
municipality","地方自治の、市の
地方自治体",Leaders of several municipalities are against the bill.,"社会・国家, 英検",4,,,,municipal
"necessary
necessarily
necessity
necessitate","必要な、必須な、必然的な
必ずしも
必要、必要性、不可欠
必要とする、余儀なくさせる","Expensive doesn't necessarily mean better.
Learning a language necessarily takes time.
The new workplace safety law necessitated a substantial investment in the factory building.","優劣・是非, 程度・確度, 英検",2,,,,necessarily
"neutral
neutrality
neutlize","中立な
中立、中立的立場
中立化する","Journalists are supposed to be politically neutral. ジャーナリストたちは政治的に中立でいないといけないことになっている
Switzerland adopted an official policy of neutrality in the late 19th century.","性格・態度, 感情・思考, 英検",2,,,,neutral
niche,適所,"She feels that she has her own niche in the company.
He found his niche in politics. 彼は政治の世界で自分の適所を見つけた
He spotted a niche in the market. 彼は市場の中で適所を見つけた
The new type of exercise has found a niche in the health and wellness market.","カタカナ・象徴語, 便利, 英検",3,,,,niche
"nocturnal
nocturne","夜行性の、夜に起こる
ノクターン、夜想曲","These insects are largely nocturnal.
Owls are nocturnal, so it is rare to see one during the day.","性格・態度, 時間・頻度, 芸術・音楽, 英検",5,,,,nocturnal
norm,標準、規範,"Small families are the norm nowadays.
Working women are the norm in that nation. その国では女性が働くのは普通のことです
Taking vacations overseas has become the norm for most of my friends.
The new design is a departure from the norm. その新しいデザインは、これまでの常識を覆すものです
It was the norm for people to have many children back then.","便利, 英検",2,,,,norm
novice,初心者、新米の、駆け出しの,"Novice programmers sometimes make fundamental errors. 新米のプログラマは時折基本的なミスをする
Novice wine drinkers are often confused about what type of wine they should drink.","人・職業, 英検",2,,,,novice
"obliterate / obliterate A fron B
obliteration","消す、取り除く、破壊する、全滅させる / 〜から〜を消し去る、取り除く
完全破壊、抹殺","The snow had obliterated their footprints.
As the human population grows, unprotected forests are obliterated.
The building was completely obliterated in the tornado.","ビジネス・経済, 英検",4,,,,obliterate
"obscure
obscurity","わかりづらく難しい、ぼやけさせる、曖昧な、無名な
不明瞭、良く知られていないこと、無名","I don't remember my password because I made it too obscure. パスワードわかりにくくしすぎたせいで覚えてないよ
The lawyer purposefully obscured the explanation of the situation. その弁護士は状況の説明をわざと濁した",英検,3,,,əbˈskjʊr,obscure
"obsess
obsession
obsessive","取りつく
強迫観念
頭から離れない、執念のある、強迫観念の",She is obsessive about the cleanliness of her home.,"感情・思考, 英検",3,,,,obsessive
"obsolete
obsolescent
obsolescence","時代遅れの、廃れた
時代遅れになりつつある、廃れていっている
廃れること、旧式化","The concept of physically going to school to take lessons is a bit obsolete given the number of quality lectures online. オンラインでも質の良い講義がたくさんあるし、対面で授業を受けるために学校に行くのは少し時代遅れだよね
How are you going to clear out obsolescent inventory? 古くなってきた在庫はどうやって処分するの？","時間・頻度, 英検",3,,,,obsolete
"offense
offend
offender","違反
犯罪を犯す、嫌な気持ちにさせる
犯罪者",The three-strikes law punishes offenders with a life sentence after three convictions. 三振法は、３回の有罪判決のあとは犯罪者を終身刑で罰する,"人・職業, 社会・国家, 英検",3,,,,offense
"oppress
oppressive
oppression","虐げる、圧迫する
高圧的な、圧政的な
圧迫、抑圧","The government oppresses minority groups, especially homosexuals.","影響・妨害, 性格・態度, 英検",4,,,,oppressive
"optimize
optimization
optimum
the optimum
optimal","最適化する、最大限に利用する
最適化
最適な（客観的、数値的に）
最適条件
最適な（状況によって異なる）","I don't have a lot of free time, so I have to optimize my workout routine. そんなに自由に使える時間ないし、運動習慣を最適化しないといけないなぁ
Do you know what the optimum level of daily protein intake is? 一日の最適なプロテイン摂取量ってどのくらいか知ってる？
We need to make optimum use of natural resources. 私たちは天然資源を最大限に活用する必要がある
May is the optimal month for climbing Mount Everest. エベレストは、5月に登るのが最善です","ビジネス・経済, 英検",3,,,,optimize
"opt
option
optional","選択する、決める
選択権、選択肢
選択の、任意の","She always opts for business-class tickets when she can afford them.
I have no[little] option in the matter. その件について私には選択権がない[ほとんどない]","便利, 英検",2,,,,option
outlaw,法的に禁止する、追放する、無法者,Alcohol was outlawed for many years in the United States.,"人・職業, 社会・国家, 英検",4,,,,outlaw
"outrage
outrageous","激怒、激怒させる
法外な、非道な、ひどい","People have expressed outrage over the destruction of the historical monument.
It is outrageous for the government to cut down spending on education to this extent. 教育費をこんなに削るとは政府もけしからん
The shyster charged him an outrageous fee. そのいんちき弁護士は法外な料金を彼に請求した","優劣・是非, 感情・思考, 英検",3,,,,outrageous
overhaul,徹底的に見直す、総点検する、見直し、総点検,"My watch needs to be overhauled, but I don't know where to get it done.
Recently I had my watch overhauled.",英検,3,,,,overhaul
"oversee
oversight","監督する
見落とし、見過ごし、ミス、監視","I didn't mean to leave her name off the list; it was an oversight.
That's a major oversight. それは重大なミスです
The accounting department is responsible for oversight of all financial reporting.","カタカナ・象徴語, 便利, 英検",2,,,,oversight
paramount,最重要な,The safety of all our passengers is of paramount importance.,"優劣・是非, 英検",4,,,,paramount
passionate / dispassionate,こだわりがある、特別な感情がある、短気な / 感情にされない、冷静な,"I'm passionate about baseball.
He is very passionate about the project.","性格・態度, 英検",2,,,,passionate about A
"penalty
penalize
penal","罰則、罰金
罰する
刑の",The company will be penalized if it does not file its taxes this month.,"社会・国家, 英検",3,,,,penalty
perks,特典、手当,Becoming a frequent flyer member offers a lot of great perks.,"便利, 英検",3,,,,perks
"phenomenon
phenomenal","現象、驚異的な人、奇才
驚異的な並外れた",The popularity of K-Pop gourps in Japn has become a big social phenomenon.,"人・職業, 便利, 優劣・是非, 英検",3,,,,phenomenon
"pivot
pivotal","中枢、回る、回転させる
中枢の、極めて重要な","You're really pivotal to the team, so you need to look after yourself.","優劣・是非, 英検",4,,,,pivot
plague,苦しめる、悩ます、疫病,"My company is plagued by a lack of leadership. 私の会社のリーダーシップの無さに悩まされている
The department store was plagued with shoplifters, some of whom operated in gangs.
The soccer player was plagued with injuries throughout his career.","医療・健康, 感情・思考, 英検",3,,,,plague
"plead
plea
","認める、主張する、弁護する、懇願する、言い訳に使う
懇願","He pleaded a headache and went home. 彼は頭痛を言い訳にして家に帰った
He pleaded guilty to the charge of involuntary manslaughter.","会話・伝達, 社会・国家, 英検",4,,,,plead
"practical
practitioner","手際の良い、実務肌の、実践的な
開業者、開業医、弁護士",,"人・職業, 英検",2,,,,practical
"precede
preceding
precedent
precedented / unprecedented","先に起こる、先立つ
先立つ
判例、前例
前例のある、前例のない","The judge’s decision will set a precedent for future cases.
That state is facing unprecedented levels of drought this year.","便利, 時間・頻度, 英検",4,set,,,precede
"predominate
predominant
predominantly
predominance","優位を占める
支配的な
主に、大部分は
優勢",Democrats predominate in the Senate.,"数量・論理, 英検",4,,,,predominantly
"prefer
preferable
preference
preferential","〜がより好き
好ましい
好み、希望、優遇、贔屓
優先的な、優遇の","It is preferable to install anti-virus software. ウィルス対策ソフトを入れておく方が好ましいです
They give their regular customers preferential treatment at that shop.","優劣・是非, 感情・思考, 英検",2,,,,prefer A to B
premium,上等な、高級な、質の高い、賞、賞金、景品、保険料、割増金,"You have to pay a high premium for express delivery.
He has to pay high car insurance premiums.
The insurance company has increased our premiums.","優劣・是非, 社会・国家, 英検",3,insurance,,ˈpriːmiəm,premium
prerequisite,前提条件の、必須の、必修の、必要条件,"A knowledge of Chinese is a prerequisite for this job. この仕事には中国語の知識が必須です
A clean driving record is a prerequisite for applying. 運転歴に違反がないことが応募の条件だ","便利, 英検",3,subject,,,prerequisite
"prestige
prestigious","威信、高い評判
権威のある",Her prize-winning album brought her prestige in the entertainment industry.,"優劣・是非, 英検",3,"university
award",,,prestige
"presume
presumption
presumptuous","仮定する。推定する
思い込み、推測、仮定
厚かましい、出しゃばった","Acting on your presumptions without researching them first is a bad idea.
It would be presumptuous of me to tell her how she should raise her kids.","便利, 性格・態度, 感情・思考, 英検",4,,,,presumption
"pretend
pretense
pretension
pretentious","〜のふりをする
ふり、見せかけ、口実
見せかけること、てらい
もったいぶった、見栄を張る、偽りの
",,"性格・態度, 英検",3,,,,pretentious
"prevalent
prevalence
prevail","広く行き渡った、流行している
普及、流行
普及する、広まる","Smartphones have become so prevalent nowadays so you rarely see people with flip phones.
The prevalence of drinking has decreased among young people.",英検,2,,,,prevalent
pricy [pricey],高価な,"That wine is excellent, but a little pricey at 50 dollears.","ビジネス・経済, 英検",2,,,,pricy
"privilege
privileged","特権
特権的な、特権を持つ",Her job at that company puts her in a privileged position.,"人・職業, 社会・国家, 英検",3,,,,privilege
"probation
probationer
probationary","見習い期間、保護観察
見習い生、保護観察下の犯罪者
試用の、見習い中の",All new employees will be subject to a probationary period of six months.,"ビジネス・経済, 人・職業, 時間・頻度, 英検",5,,,,probationer
"procrastinate (on A)
procrastination",先延ばしにする、後回しにする,"People were dying of starvation while governments procrastinated.
Because he procrastinates, he is always highly stressed right before a deadline.","時間・頻度, 英検",3,,,,procrastinate (on A)
"profound
profoundly
profundity","心からの、深い、深刻な、重大な
心から、非常に、深く
深刻さ、深さ","I'm profoundly thankful for all your support. あなたのサポートを心から感謝します
The book Meditations by Marcus Aurelius is filled with profound insights.","感情・思考, 英検",4,,,,profound
"prolong
prolongation","長引かせる
延長、延期","Do you think drinking green tea every day prolong your life?
The prolonged war left the region in ruins.","時間・頻度, 英検",4,,,,prolong
protagonist,主人公,The protagonist of the story is a young boy.,"人・職業, 英検",3,単語,,,protagonist
"provoke
provocation
provocative","引き起こす、挑発する
誘発、挑発
挑発的な","This guy is always trying to provoke people on Twitter.
His remarks provoked a strong reaction from other members.","感情・思考, 数量・論理, 英検",3,,,,provoke
pushover,押され弱い人、騙されやすい人、カモ、簡単にできること,"I think he is no pushover. 彼は騙されやすい人ではないと思う
Stop being a pushover and stand up for yourself. 人の言いなりになるのはやめて、毅然とした態度を取りなさい
*Getting up early in the morning is a pushover for me. 朝早く起きることなんて私にとっては朝飯前だよ","人・職業, 英検",3,,,,pushover
questionable,疑わしい,It is questionable whether this is a good way of solving the problem.,英検,2,,skeptical,,questionable
"rational / irrational
rationally
rationalize
rationalization
rationale","合理的な、理性的な / 不合理な
合理的に、理性的に
合理化する、正当化する
合理化
論理的根拠","Tomy's decision are always rational and logical, but sometimes I think they're a bit harsh.
Let’s stop this irrational argument.
He had an irrational belief in his own invulnerability to harm.
I can't believe that you're still trying to rationalize your decision to plagiarize my essay.","便利, 優劣・是非, 性格・態度, 数量・論理, 英検",4,,,,rational
"rectify
rectifiable
rectification","修正する、間違いを正す
訂正できる
訂正、修正","The mistake can easily be rectified.
It's not too late to rectify matters.
The politician wants to rectify his damaged reputation before the next election.",英検,2,,,,rectify
"recur
recurrent
recurrence","再び起こる、再帰する
繰り返し起こる、再発するような
再発、繰り返し",Their son often woke up screaming from the recurrent nightmare.,"IT・工学, 時間・頻度, 英検",4,,,,recur
"redeem
redeemable","補う、現金に換える
換金できる",The great performances of the actors redeem the flaws in the story. 俳優たちの名演技が、ストーリーの弱点を補っている,"ビジネス・経済, 英検",4,,,,redeemable
"refurbish
refurbished
refurbishment","改修する、改装する
再整備された、新古の
改修","The couple refurbished their whole house in the past year.
I bought a refurbished laptop.",英検,3,,,,refurbished
regime,政治体制、政権、体制,The communist regime in that country collapsed in the late 20th century.,"社会・国家, 英検",4,,,,regime
"regulate / deregulate
regulation / deregulation
regular","規制する / 規制緩和する
規制 / 規制緩和
常連客",Plans to deregulate that industry have been met with protest.,"ビジネス・経済, 人・職業, 英検",2,,,,regulate
"relent
relentless","安らぐ
執拗な、無慈悲な、容赦ない、過酷な、絶え間なく続く",Her manager put relentless pressure on her to meet sales targets.,"感情・思考, 時間・頻度, 英検",4,"attack
practice",,,relent
"relevant / irrelevant
relevance","適切な、関係のある / 無関係な
関連性","I want to get a new degree, but I don't think it's really relevant to my job.
That evidence is irrelevant to the case.
The book explores the relevance of the ancient teachings to modern-day life.","便利, 数量・論理, 英検",3,,,,relevant
"rely
reliable
reliance
reliant","信頼する、頼る
信頼できる
信頼、依存
依存している","He was a very reliable and honest man who would never betray anyone.
Many companies are reliant on cheap labor to make their goods.","性格・態度, 感情・思考, 英検",1,,,,reliable
"render
rendition","ある状態にする、表現する、提供する、与える、翻訳する、演奏する
表現、描写、演奏","Their band released a rock rendition of the popular hip hop song.
The manual was rendered useless after it got soaked in the rain.","影響・妨害, 芸術・音楽, 英検",4,,,,render
"reprimand
reprimand A for B","叱責、叱責する
〜を〜のことで叱責する
〜のことで叱責される","He was reprimanded for having missed two days at the office without leave. 彼は 2 日間会社を無断欠勤して注意を受けた
His teacher reprimanded him for using his phone during class. 先生は授業中に電話を使ったことで彼を叱った。","感情・思考, 英検",3,,,,reprimand
reside,居住する、存在する、所属する,"He returned to Britain in 1939, having resided abroad for many years.
The problem resides in her inability to be quiet when needed.",英検,4,,,,reside
"resonate
resonant
resonance","響く、響かせる、心に響く、共感を呼ぶ、感銘を与える
鳴り響く
響き、反響","Her voice resonated through the theatre.
I loved it. The author's final message really resonated with me.
The candidate’s optimistic message about the future resonated with many voters.
His powerful singing voice resonated throughout the concert hall.","優劣・是非, 感情・思考, 物理・化学, 英検",3,,,,resonate
retreat,引っ込む、後退する、避難、避難所,My father always retreats to his study when he wants to be alone.,"社会・国家, 英検",4,,,,retreat
"robust
robustly
robustness",たくましい、しっかりとした、強固な、健全な、力強い,Only the most robust people can manage to work in Antarctica.,"IT・工学, 人・職業, 英検",4,,,,robust
"sanitize
sanitary / unsanitary
sanitation","消毒する、(都合が悪い部分を)削除する
衛生的な / 不衛生な
（公衆）衛生","I think this video is a highly sanitized version of what he really wanted to say.
I avoid using public bathrooms because they're so unsanitary.
Poor sanitation used to cause the spread of many diseases.","医療・健康, 英検",3,,,,sanitize
"savor
savory","かみしめる、堪能する、食べる、香り、味、風味
塩味の、しょっぱい","Tomorrow the team will be back at practice, but tonight they are savoring this victory.","英検, 食べ物・料理",3,,,,savory
"scheme
schemative
schematic
schematically","企む、企み、計画
体系化する
図式の
図式的に",Our new financial scheme is based on careful research and development.,"カタカナ・象徴語, ビジネス・経済, 英検",3,,,,scheme
"scrutinize
scrutiny","精査する、詳しく調べる
精査、詳しく調べること",The scientists scrutinized the report for any possible errors.,"ビジネス・経済, 英検",4,,,,scrutinize
sector,部門、地域,There are plans to sell the hospital to the private sector.,"ビジネス・経済, 便利, 社会・国家, 英検",3,,,,sector
shortcoming,欠点,"She made me aware of my own shortcomings.
There were obvious shortcomings in the report.
The report highlights the shortcomings of the prison service.
Their proposal seeks to remedy the shortcomings of the current system.
The biggest shortcoming is her inability to work under pressure.","便利, 英検",4,,,,shortcoming
"slack
slack off
slacken","緩い、たるんだ、不活発な、緩んだ状態、不景気、緩やかにする、緩む
サボる、怠ける
緩める","He tightened the slack rope, securing the table to the truck.
He always slacks off when the boss leaves.
*I sometimes slack off, but I basically study English for 2 hours pretty much everyday. たまにサボってしまうことはあるけど、ほぼ毎日2時間ほど英語の勉強をしています","ビジネス・経済, 物理・化学, 英検",3,,,,slack off
sluggish,のろのろしている、反応が遅い、停滞した,"I'm being sluggish today. 今日はダラダラしています
That medicine makes me sluggish. あの薬は私をだるくさせる
My computer is sluggish after Windows 10 updates.
Economic recovery throughout the country has been sluggish, which has been a problem for business.","ビジネス・経済, 医療・健康, 英検",3,,,,sluggish
slump,沈み込む、下降する、前屈みになる、沈むこと、下降、落ち込み、低迷、不振,"The value of property has slumped.
Car sales have slumped dramatically over the past year.
Sales slumped by over 30 percent last year.","数量・論理, 英検",3,,,,slump
smear,塗りつける、汚す、誹謗中傷する、汚れ、誹謗中傷,"He smeared butter thickly on his toast.
More people are using social networks anonymously, which has created a problem with online smears. 匿名でSNSを行う人が増えたので、ネット上での誹謗中傷が問題になりました","会話・伝達, 動作, 社会・国家, 英検",3,,,smɪr,smear
soar,急増する、舞い上がる,"Soaring costs have made progress difficult.
Unemployment has soared to 18 per cent.
Profits soared when the company’s video went viral on social media.","数量・論理, 英検",4,"cost
price
temperature",,,soar
societal,社会的な,The civil rights movement sparked major societal changes.,"社会・国家, 英検",4,,,,societal
"sparse
sparsely","まばらな、希薄な、密度の低い
まばらに、わずかに",He painted a sparse landscape with only bushes dotting the ground. 彼は地面に低木が点在するだけの殺風景な景色を描いた,"数量・論理, 物理・化学, 程度・確度, 英検",4,,,,sparse
"speculate
speculation
speculative
speculatively","推測する、投機する
推測、憶測、投機
推測の、投機の
推測で、投機的に","It is useless to speculate why he did it.
People can speculate about the future, but nobody knows for sure what's going to happen. 人は自分の未来について予測することはできても、何が起きるのかを確実に分かる人はいない
We can speculate that the stone circles were used in some sort of pagan ceremony.
There has been much speculation about the possible existence of alien life.","ビジネス・経済, 感情・思考, 英検",3,,,,speculate
"suppress
suppression","鎮圧する、やめさせる、揉み消す、（気持ちなどを）抑える
鎮圧","Education in Japan suppresses exceptional ability in students. 日本の教育が生徒の優れた能力をつぶしている
He couldn't suppress the scandal. 彼はスキャンダルをもみ消せなかった
I suppressed my curiosity.
She was unable to suppress her emotions.","感情・思考, 社会・国家, 英検",4,,,,ssuppress
"stagnate
stagnant
stagnance","停滞する、成長が止まる、活気がなくなる
停滞した、(水、空気が)流れない
停滞","Profits have stagnated.
I feel I'm stagnating in this job.
Businesses must adapt to change or stagnate.
The water in the pond was stagnating.
Recently, the company's sales have been declining or stagnant.","ビジネス・経済, 数量・論理, 英検",3,,,,stagnate
state-of-the-art,最先端の、最新鋭の,"Massachusetts Institute of Technology provedes all the equipment you need to learn about state-of-the-art technology.
The museum’s state-of-the-art security system makes it almost impossible to steal works of art.","IT・工学, 英検",3,,,,state-of-the-art
staid,落ち着いた、真面目すぎる、退屈な,"He had grown staid and dull.
He was a staid sort of man who mostly wrote about local government matters.
The company is trying to shake off its staid image.","性格・態度, 英検",3,"color
atmosphere",,,steid
"stigma
stigmatic
stigmatize","不名誉、汚名、烙印、恥ずかしいこと、悪いイメージ
不名誉な
烙印を押す",The stigma surrounding couples therapy prevents many from seeking it out. 夫婦療法にまつわる偏見は、多くの人がそのセラピーを受けることを阻んでいる,"優劣・是非, 感情・思考, 英検",3,,,,stigma
"strive
strife","励む、努力する
争い、戦い、戦争","Rather than accept things the way they are, we should always strive to do better. 現状に甘んじるんじゃなくて、常により良いものを目指していかないとね
We strive to design furniture that is both stylish and seasonal. 季節感があってスタイリッシュな家具が作れるよう努力しています
We strive for even better quality in the future. 私たちは今後更なる品質の改善に努めます
What do you think I can do to resolve this strife in my family? この家庭内で起きてる争いってどうやって解決すれば良いと思う？
The political instability in the country was caused by ethnic strife.","社会・国家, 英検",2,,,,strive to do[for A]
"subsequent
subsequently","その後の
その後で","The book discusses his illness and subsequent resignation from politics. 本書では、彼の病気とその後の政治家としての辞職について述べられている
Initial research was promising, and subsequent tests proved the theory correct.
He subsequently became a politician.
I bought some new golf balls just last week but subsequently lost all of them over the weekend.","時間・頻度, 英検",3,,,ˈsʌbsɪkwəntli,subsequent
"superfluous
superfluity","余分な、過剰な、不必要な
過剰","All software has superfluous functions.
I think including James on our team is a bit superfluous. 僕らのチームにジェームズは余計だと思うんだ","優劣・是非, 英検",4,,,,superfluous
"surveil
surveillance","監視する
監視、見張り"," He did not know why, but he felt sure he was under police surveillance.
The entrance to the bank is under constant video camera surveillance.",英検,5,,,,surveillance
swap,交換する、交換,We swapped phone numbers and email eaddressses.,"位置・方向, 英検",3,,,,swap
"sympathy
sympathize
sympathetic
sympathetically","同情する
同情
同情的な、好意的な
同情して、共感して","I wish he'd show me a little more sympathy.
I have no sympathy for Jan—it's all her own fault.
I can see where you'd sympathize with him.
I sympathize with his way of thinking.
Intellectuals across Europe were often sympathetic to Soviet communism.","感情・思考, 英検",2,,,,sympathy
"synthesize
synthetic
synthesis","統合する、合成する、良い感じに合わせる
総合的な、合成の
総合、合成","We have a lot of great ides already, so it shouldn't take us long to synthesize them into a plan of attack. 既に素晴らしいアイデアがたくさんあるので、戦略に落とし込むのに時間はかからないはずです
The doctor’s unique method of acupuncture synthesizes modern and traditional medical treatments. その医師の独自の鍼灸療法は、現代の治療法と伝統的な治療法を統合したものだ",英検,4,,,,synthesize
"major / minor
majority / minority
the majority of","主要な、大きい、広範な、専攻 / 二流の、小さい、大したことない
大多数、過半数 / 少数の者
〜の大部分、〜の過半数","The majority of its members are women.
We should be mindful of minority groups when making policies. 政策を作る際にはマイノリティー集団に配慮すべきだ","数量・論理, 英検",2,,,,the majority of A
tier,段、層、（段上の）座席,The coach introduced three-tier training courses.,"便利, 英検",3,,,,tier
trait,特性、特徴,He has many of the same traits as his father.,"便利, 英検",2,,,,trait
"trauma
traumatic
traumatize","心的外傷、トラウマ
心的外傷を残すような、トラウマな
心的外傷を残す","My parent's divorce was a traumatic event for me, but I'm coping okay now.
She was still in shock weeks after the traumatic experience.","カタカナ・象徴語, 医療・健康, 感情・思考, 英検",3,,,,trauma
"type
typical / typical of A
typically
typify","型、種類、典型、好みの人
典型的な / 〜を代表する、〜を表象する
典型的に、一般的に
典型となる、特徴を示す","He's typical of that university. 彼はその大学でよく見かけるタイプ(の学生)だ
The movie star typifies the macho image.","カタカナ・象徴語, 便利, 優劣・是非, 英検",2,,,,type
"ubiquitous
ubiquitously
ubiquity","どこにでもある
どこにでも
どこにでもあること","Cashless payment is so ubiquitous in China, some places don't even accept cash.
The beverage company’s ads are ubiquitous, and everyone is familiar with them.
This Christmas song is heard ubiquitously in November and December.","便利, 英検",3,,,,ubiquitous
decisive / indecisive,決断力のある / 優柔不断な,,"人・職業, 英検",2,,,,undecisive
"underlie
underlying","〜の根底にある、〜を基にしている
根本的な、根底にある","These ideas underlie much of his work. これらの考えは彼の多くの作品の根底になっている
What are the underlying causes of poverty? 貧困の根本的な原因は何だろうか
The desire to feel safe underlies much of human behavior and decision-making.",英検,3,,,,underlie
undermine,下を掘る、弱体化させる、間接的に攻撃する,"Peter undermined his manager by raising his concerns directly with the CEO. ピーターは、CEOに直接悩みを打ち明けることで、上司を貶めた
The casual attitude of a few employees was undermining the manager’s authority.",英検,4,,,,undermine
"valid
validate
validation
validity","有効な
有効にする
証明、確認、承認
正当性","This award is a tremendous validation of his work as an actor. 今回の受賞は、彼の俳優としての仕事が高く評価されたものだ
A growing number of scientists have begun to question the validity of the experiment.","社会・国家, 英検",3,,,,valid
"vent
ventilate
ventilator
ventilation","通気孔、感情のはけ口、発散する
換気する、風を通す、酸素を供給する
人口呼吸器、酸素吸入器、通気口、換気扇
換気、通風","She used to vent her anger by breaking pencils.
Before using these chemicals, please ensure that there is proper ventilation in the room.
He was put on a ventilator. 彼は人工呼吸器をつけられた","医療・健康, 感情・思考, 物, 英検",4,"anger
frustration
stress","release
unleash",,ventilate
"vibrant
vibrate
vibration","活気のある
震える、震動する
震動","Southeast Asian countries are vibrant and lively.
After he spent years in a boring little town, the vibrant city seemed very exciting.","動作, 英検",2,"city
color
voice
economy
life
team
future
atmosphere",,,vibrant
"virtue
virtuous","美徳
徳の高い、有徳の、高潔な","She led a virtuous life, and she wanted others to follow her example.","性格・態度, 社会・国家, 英検",3,,,,virtue
"vulnerable
vulnerability","弱い、脆弱な、影響を受けやすい
脆弱性","These offices are highly vulnerable to terrorist attack.
Old people are particularly vulnerable to the flu.
She was quite vulnerable after her divorce.","医療・健康, 英検",4,,,ˈvʌlnərəbl,vulnerable
"waive
waiver","放棄する、適用を控える
権利放棄（証書）","He waived his right to appeal against the verdict. この判決に対し、彼は控訴する権利を放棄しました
We have decided to waive the tuition fees in your case. あなたの授業料を免除することにしました
The university often waives the application fee for low-income students.","社会・国家, 英検",4,right,,,waive
whine,泣き言を言う、すすり泣く,"The dog was whining to be taken out for a walk. その犬は散歩に連れ出してもらいたがって鼻を鳴らしていた
My children are whining about wanting toys always.
The mother told her son to stop whining about how bored he was.","感情・思考, 英検",3,,,,whine
withhold,保留する、与えずにおく,The information was withheld for security reasons.,"ビジネス・経済, 英検",3,,,,withhold
"tedious
tedium","退屈な、つまらない
退屈なこと","Tedious jobs become bearable if done with someone else. 誰か他の人と一緒にやれば、つまらない仕事にも耐えられる
The job of mailing letters every day became tedious. 毎日手紙を出す仕事が退屈になった
It was funny first time, but second and third is just tedious.
The tedium of data entry makes it an unpopular job in general.","優劣・是非, 英検",2,,,,tedious
"bait
clickbait","誘惑物、おびき寄せるための餌
ウェブページの閲覧者にクリックしてみる気にさせるリンク(バナー広告など)",He used the diamond ring as bait to get her to marry him.,"IT・工学, 社会・国家, 英検",4,,,,clickbait
clumsy,不器用な、ぎこちない,"I spilt your coffee. Sorry—that was clumsy of me.
My clumsy sister spilled milk all over my homework.","性格・態度, 英検",2,,,,clumsy
"encroach
encroachment","侵入する、侵害する
侵入、侵害、侵犯",This chart shows how much the suburbs have encroached into the rural areas.,"位置・方向, 英検",4,,,,encroach
arid,乾燥した、つまらない,Some plants are best suited to arid conditions.,"地理・気候, 英検",4,,,,arid
arable,耕作に適した,The property has a large area of arable land that could be used to grow crops.,"地理・気候, 英検",4,,,,arable
barren,不毛の、殺風景な、成果の出ない,It is hard to imagine that that area was once a brren desert.,"地理・気候, 英検",4,,,,barren
"temper
temperate","気質、気分、短気、冷静、怒り、加減する、抑制する
温暖な、穏やかな、節度のある","He has a bad temper.
A good leader needs to have a calm temper.
She lost her temper when she heard the news.
He was careful to temper his criticism with some words of praise as well.","人・職業, 感情・思考, 英検",4,,,,temperate
foolproof,誰にでもできる、間違えようのない、絶対確実な、完全に信頼できる,"The public deserves a foolproof system of checking. 国民誰もがチェックできる体制が必要です
No technology is foolproof. 絶対安全な技術というものはありません
They came up with a foolproof plan to rob the bank.","ビジネス・経済, 英検",3,,,,foolproof
embrace,抱き合う、受け入れる、利用する,"She ran to embrace her best friend. 彼女は親友に駆け寄って抱き締めた
Young people are usually quick to embrace new technology.
It has been a surprise to see him embrace the technology. 彼がその技術を進んで利用したことは驚きだった
In his message to the world, he announced that he would be embracing a new world order. 世界に向けたメッセージで、彼は世界の新秩序を尊重していくと表明しました
She embraced Christianity when she married a minister.","動作, 感情・思考, 英検",2,,,,embrace
overly,過剰に,"You never want to be overly humble. 謙虚すぎない方が良い
He became overly emotional during his speech, and he was unable to finish.","程度・確度, 英検",3,,,,overly
"concur
concurrent
concurence
concurrently","意見が一致する
同時に起こる、並列の、意見の一致した
意見の一致
同時に、兼任して",Everyone seems to concur that taxes should not be raised.,"数量・論理, 英検",3,,,,concurrent
confluence,合流点、同時発生、二つが重なった状態,The rare confluence of events led to them holding a once-in-a-lifetime concert.,"位置・方向, 便利, 時間・頻度, 英検",4,,,,confluence
feasible,実現可能な,It is not feasible to provide such a high discount on our products.,"ビジネス・経済, 英検",3,,,,feasible
"neglect
negligent
negligence","怠る、無視する、育児放棄
怠慢な、不注意な
怠慢、手抜き",The truck driver’s negligent driving led to her losing her job.,"性格・態度, 社会・国家, 英検",0,,,,neglect
"segregate
segregation","隔離する、人種差別する
分離、隔離、人種差別",The room was segregated into smoking and non-smoking areas.,"位置・方向, 社会・国家, 英検",3,,,,segregate
"versatile
versatility","多用途の、万能な、多才な、気まぐれな
汎用性、多芸","All my dishes are versatile enough to be adjusted to individual preferences. 私の料理は全て、食べる人のいろいろな好みに合わせて調理法を変えることができます
His versatility is vital to the team.","性格・態度, 英検",0,,,,versatile
weather,切り抜ける,"The automobile company weathered a period of record-high oil prices.
The village weathered the hurricane with only some small damage to the school building.",英検,4,,,,weather
"convict
conviction","有罪判決を下す
有罪判決、確信","After a lengthy trial, the businessman was convicted of fraud.
She was convicted of murder and sentenced to life in prison.
He defended his position with absolute conviction. 彼は絶対的確信を持って自分の立場を擁護した","社会・国家, 英検",4,,,,convict
"rebel
rebellion
rebellious","反逆する
反逆
反逆的な","Finally, the army lost patience and rebelled against its own government.
After losing the war, a series of rebellions broke out around the country.
The rebellious teenager refuses to attend a school or obey her parents.","性格・態度, 社会・国家, 英検",4,,,,rebel
fuel,燃料、燃料を補給する、あおる,The dismal economic news only fueled the widespread dissatisfaction with the government.,"社会・国家, 英検",3,,,,fuel
"advocate
advocacy","支持する、主張する、支持者
支持、擁護、弁護、支援活動",He is a leading advocate of political reform.,"人・職業, 社会・国家, 英検",4,,,,advocate
propaganda,プロパガンダ,"During World War Ⅱ, all sides used extensive propaganda to try to whip up hatred of the enemy. 第2時世界大戦中、敵への憎悪を煽ろうと、すべての側が大規模なプロパガンダを用いた","カタカナ・象徴語, 社会・国家, 英検",3,,,,propaganda
"immune
immunity
immunize
immunization","免疫のある、影響されない、動じない
免疫力、抵抗力
免疫力をつける、予防接種する
予防接種","The best writers should be at least somewhat immune to criticism.
Generally speaking, immunization rates need to be above 80 percent to prevent outbreaks of a disease.","医療・健康, 性格・態度, 英検",4,,,,immunize
"domestic
domesticate
domesticated
domestication","飼いならされた、家庭の、国内の
飼いならす、家畜化する、環境に適応させる、家庭的にする
飼いならされた、家畜化された
家畜化","I’m trying to domesticate myself slowly. 少しずつ家庭的な女を目指そうかなと思っている
Among domesticated animals, cows were one of the first to be adopted by human beings.
Dogs and cats were domesticated thousands of years ago.","カタカナ・象徴語, 地理・気候, 社会・国家, 英検",4,,,,domesticate
outweigh,より価値がある、より重要である,"The cost outweighs the benefit.
The school concluded that the advantages of going co-educational outweighed any possible disadvantages.
The advantages of joining the treaty outweigh the disadvantages.","優劣・是非, 英検",3,,,,outweigh
implant,埋め込む、植え付ける、移植,"A tiny chip was implanted in the animal so that they could track it.
The surgeon implanted a metal rod in the patient’s leg.","医療・健康, 感情・思考, 英検",4,,,,implant
enzyme,酵素,Enzymes are catalysts for many significant biochemical reactions.,"医療・健康, 物理・化学, 英検",4,,,,enzyme
midwife,助産師,"In the past, bebies were usually born at home, often with the help of midwives.","人・職業, 医療・健康, 英検",4,,,,midwife
"altruism
altruistic
altruistically","利他主義、利他心
利他的な
利他的に","Donating one’s organs is regarded as an act of pure altruism.
Donating money is not always as altruistic as it may appear.","社会・国家, 英検",5,,,ˈæltruɪzəm,altruism
"obstetrics
obstetrician","産科
産科医",,"人・職業, 医療・健康, 英検",4,,,,obstetrician
larva,幼虫,One of the main enemies of trees are insect larvae which feed on them and often kill them.,英検,4,,,,larva
forensic,犯罪科学の、法医学の,"Forensic investigations have become increasingly sophisticated.
Forensic analysis of a piece of hair left at the crime scene was used to identify the criminal.","社会・国家, 英検",,,,,forensic
joint,関節、共同の,The textbook was the joint work of two promising young historians.,"医療・健康, 英検, 身体の部位",3,"work
responsibility",,,joint
"reinforce
reinforcement","強化する、補強する
強化","The architect had to reinforce the foundations of his latest building.
The walls have been reinforced to prevent them from collapsing in an earthquake.",英検,3,,,,reinforce
"exonerate
exoneration","疑いを晴らす、免除する
免罪","She was exonerated after new evidence proved her innocence.
As a result of the trial, he was exonerated of all the charges.","社会・国家, 英検",4,,,,exonerate
"perish
perishable","死ぬ、滅びる
腐りやすい、滅びる運命にある",The baby birds will perish if their mother does not feed them.,"生物・動物, 英検",,,,,perish
"ignite
ignition","火をつける、燃え立たせる
発火、点火","Fire experts determined that the fire had been ignited by an electric spark.
The dry branches quickly ignited when she held the match under them.","物理・化学, 英検",4,,,,ignite
rodent,齧歯類の動物,,"物理・化学, 英検",,,,,rodent
"forge
forgery","鍛造する、偽造する、捏造する、築く、強化する
偽造品","The three countries forged an alliance, which gave them the strength to win the war.","IT・工学, 社会・国家, 英検",,,,,forge
"constitute
constitution
constitutional
constituent
constituency","構成する、制定する
構成、憲法、気質、形成、設立
憲法の、合憲の
構成している、選挙権のある、構成物質、選挙区民
選挙区、有権者","Two meals a day and labor constituted all of the criminal's life in the jail. 1日二度の食事と労働が牢獄内の犯罪者の生活の全てだった
The country's constitution needs to be changed. その国の憲法は改正されるべきだ
The panel will decide whether or not the new law is constitutional.","社会・国家, 英検",3,,,,constitute
tenure,（大学教授の）終身在職権、在職期間,She received tenure at a university.,"ビジネス・経済, 教育・学校, 時間・頻度, 英検",,,,,tenure
"project
projection","プロジェクト、投影する、計画する、推定する、提示する
計画、予測、見積もり、案","The company has projected record sales for the next quarter.
The projection of future profits turned out to be too optimistic.
The projection turned out to be unrealistic, and the company suffered as a result.","ビジネス・経済, 英検",3,,,,project
"hostile
hostility","敵意のある、断固反対の、敵意を持っている人
敵意、反感","Don't get too close or too hostile to Government officials. お役人とは付かず離れずの付き合いをしなさい
The tribe is typically hostile to outsiders, so caution is advised.","性格・態度, 感情・思考, 英検",,,,,hostile
life imprisonment,終身刑,,"社会・国家, 英検",4,,,,life imprisonment
workload,仕事量、ノルマ,"Although the company banned overtime, the workload of each employee remained the same.
She complained to her boss that her workload was too extreme.","カタカナ・象徴語, ビジネス・経済, 英検",3,heavy,,,workload
painkiller,鎮痛剤、痛み止め,,"医療・健康, 英検",,,,,painkiller
hail,称賛する、出身である、あられ、ひょう,"All the newspapers hailed the peace treaty as a great victory for their own side.
The new device was hailed as a major breakthrough in medical science.","優劣・是非, 地理・気候, 英検",4,,,,hail
harness,（自然の力を）利用する、馬具をつける、馬具,"New technologies are being developed to harness wind, tidal energy, and ocean currents.","物理・化学, 英検",4,,,,harness
usher,案内する、誘導する、案内人,"A water ushered the group of guests to a private room.
She ushered me into her office.","人・職業, 英検",4,,,,usher
pitch,投げる、（商品・考えを）売り込む、売り込み文句、音の高さ,The young employee pitched his bold plan to to senior executives.,"ビジネス・経済, 英検",3,,,,pitch
influx,流入,"Recently, there has been a large influx of foreign investment into the US.
After giving a powerful speech, the mayor got an influx of support.","位置・方向, 英検",4,,inflow,,influx
coalition,連合、合同、連立,"The prime minister was forced to call for new elections when his ruling coalition collapsed.
We formed a coalition with other civic groups to clean up the park.","社会・国家, 英検",4,,"alliance
partnership
league",,coalition
attorney,弁護士,,"人・職業, 社会・国家, 英検",,,lawyer,,attorney
"ethic
ethical","倫理、道徳
道徳的な、理にかなった、倫理学の、道徳上の",Some theorists worry that capitalist countries are losing the work ethic that made them prosperous in the first place,"便利, 社会・国家, 英検",,,,,ethic
"prosecute
prosecution
prosecutor","起訴する
起訴、検察側
検察官、検事","She was prosecuted for the murder of her ex-husband.
The prosecution of corrupt officials is essential for maintaining an honest government.
The prosecutor did his best to show the witness was lying.","人・職業, 社会・国家, 英検",4,,,,prosecute
cornerstone,基礎、土台,Freedom of speech is a cornerstone of liberal democracy and should be protected.,"便利, 英検",,,,,cornerstone
screening,検診、上映,Widespread screening for cancers has helped to improve recovery rates dramatically.,"医療・健康, 英検",,,,,screening
senescenece,（細胞の）老化,Increasing cellular senescence over time is usual in most animals including human beings.,"医療・健康, 英検",5,,,,senescence
"catalyst
catalytic
catalyze","触媒、きっかけ
変化を促すような
変化を促す","The oil crisis acted as a catalyst for searching for ways to save energy.
The minister’s resignation proved to be the catalyst for a general election.","便利, 英検",,,,,catalyst
blight,破滅の原因,"In his speech, the mayor described vandalism as a blight on the community.",英検,,,,,blight
"vandalize
vandalism","（公共物などを）破壊する
（公共物などの）破壊、荒らし行為","Police condemned the damage as an act of mindless vandalism.
The police charged the two young men with vandalism.","社会・国家, 英検",4,,,,vandalism
"affluent
affluence","裕福な、豊富な、裕福な人
裕福さ、豊かさ",His goal was to become affluent and live in a big house. 彼の目標は、裕福になって大きな家に住むことだ,"ビジネス・経済, 性格・態度, 英検",4,,,,affluent
"clamor
clamorous","騒音、騒ぎ
騒々しい",Nobody in the class could hear the teacher over the clamor. 喧噪の中、クラスの誰も先生の話が聞こえなかった,英検,4,,,,clamorous
"idle
idly","仕事がない、動いていない、無意味な、怠ける、サボって過ごす
怠けて、何もしないで / 傍観する","The land was left idle for years.
I’ve been idle all morning, just scrolling through my phone.
Don’t stay idle—come and help me with the dishes.",英検,3,,lazy,,idle
squander,浪費する,She squandered all of her savings on overpriced skin treatments.,英検,4,,,,squander
fimsy,壊れやすい、薄っぺらい、説得力を欠く,He keeps the cleaning supplies in a flimsy cardboard box.,英検,4,,,,fimsy
"incise
incision","切開する
切開",The surgeon made an incision in the chest.,"医療・健康, 英検",4,,,,incise
"lethargy
lethargic","けだるさ
けだるい、無気力な",The medicine she takes makes her feel lethargic.,"医療・健康, 英検",4,,,,lethargic
pinnacle,頂点、絶頂、小尖塔,Winning the award was the pinnacle of her career.,"芸術・音楽, 英検",,,,,pinnacle
feat,功績、偉業、離れ業,Swimming across the English Channel is quite the feat.,英検,3,,,,feat
"caustic
caustically","辛辣な、腐食性の
辛辣に",The woman made caustic remarks about her neighbor’s new haircut.,英検,,,,,caustic
"frivolous
frivolity","軽率な
軽率",Her father begged her to stop her frivolous spending.,英検,4,,flippant,,frivolous
latitude,緯度、自由、裁量,The students are allowed some latitude in deciding what they study.,"便利, 地理・気候, 英検",3,,,,latitude
adept,熟練して,He is adept at repairing different kinds of electronics.,"ビジネス・経済, 英検",3,,"skillful, proficient",,adept
avid,熱心な,She is an avid listener of podcasts about music.,"感情・思考, 英検",4,,"eager
keen
enthusiactic",,avid
asylum,亡命、亡命者の保護,He was finally granted asylum in Canada after a long wait.,"社会・国家, 英検",4,,,əˈsaɪləm,asylum
"placate
placatory","なだめる、鎮める
なだめるような",Her manager was able to quickly placate the angry customer.,英検,4,,,,placate
"pacify
pacific","なだめる、平和にする
穏やかな、平和的な",They tried in vain to pacify the angry crowd.,英検,,,,,pacify
pristine,新品同様の、原始の,The collection of antique toys is in pristine condition.,英検,4,,"untouched
unadulterated",,pristine
"blatant
blatantly","露骨な、見え透いた
露骨に、公然と",She sued the newspaper for publishing blatantly false statements about her.,英検,4,,,,blatant
attire,服装、衣装,Applicants are required to wear business attire.,英検,4,,"apparel
cloths",,attire
"gull
gullible
gullibility","騙す
騙されやすい
騙されやすい性格","He was just joking, but she was so gullible that she believed him.","人・職業, 英検",4,,,,gullible
zenith,頂点、絶頂,"At the zenith of his career, he was interviewing famous celebrities.",英検,,,,ˈziːnɪθ,zenith
prognosis,予後、予測,"Despite a serious diagnosis, your prognosis is very good.","医療・健康, 英検",4,,,,prognosis
"acrimony
acrimonious","とげとげしさ
とげとげしい",The dormitory’s decision to enforce a curfew caused much acrimony.,英検,4,,,,acrimony
propencity,（好ましくない）傾向、性癖,Hw has always had a propensity for violent behavior.,英検,4,,,,propencity
"entice
enticement",誘惑する、おびき寄せる,"The shop’s creative window displays entice many customers.
Try and entice the child to eat by offering small portions of their favorite food.",英検,4,,,,entice
respite,小休止、休息,The war continued without respite for over four years.,英検,4,,,,respite
a figment of someone’s imagination,〜の空想の産物,That episode was just a figment of her imagination.,英検,4,,,,a figment of someone’s imagination
"tenacious
tenaciously
tenacity","粘り強い、諦めない
粘り強く
粘り強さ",Her tenacious personality allowed her to climb the corporate ladder.,"人・職業, 英検",4,,persistent,təˈneɪʃəs,tenacious
extol,絶賛する、激賞する,He extolled the benefits of yoga to all of his clients.,英検,,,,,extol
"averse
aversion","嫌って、気が進まなくて
嫌悪、反感",The boy has a strong aversion to visiting the dentist.,"感情・思考, 英検",4,,hatred,,averse
immaculate,清潔な、汚れていない、欠点のない、正確な,"At such an expensive hotel, guests expect the rooms to be immaculate.
His report was written in immaculate English.","優劣・是非, 英検",4,,,,immaculate
"ostracize
ostracism","のけ者にする
排斥、仲間はずれ",She was ostracized at work because of her loud personality.,英検,,,,,ostracize
uncouth,無造作な、粗野な,His uncouth behavior at the conference shocked everyone there.,"人・職業, 英検",4,,coarse,,uncouth
"salient
salience","顕著な、目立った
顕著な点",The teacher quickly reviewed the salient points of the previous lesson.,"程度・確度, 英検",4,,prominent,,salient
mayhem,騒動、大混乱,"In the film, animals escape from the zoo and cause all kinds of mayhem.",英検,4,cause,chaos,,mayhem
defunct,現存しない、死亡した,"That drug company was founded in 1830, and now is defunct.",英検,4,,,,defunct
petrify,すくませる、石化する,He was petrified of the idea of getting on an airplane. 飛行機に乗ると考えただけで彼は身がすくんだ,"感情・思考, 英検",4,,terrify,,petrify
rebuke,非難する、叱責する、非難、叱責する,The minister was rebuked after everyone discovered his fraudulent spending.,"社会・国家, 英検",4,,reprimand,,rebuke
accolade,称賛,The movie director has received many accolades and awards.,"優劣・是非, 英検",4,,,,accolade
solace,慰め、癒やし,He found solace in art after the passing of his wife.,"感情・思考, 英検",4,,confort,,solace
"fervor
fervent
fervently","熱心、熱情、熱烈
熱心な
熱心に","The author spoke with fervor about the importance of reading books.
She has always been a fervent supporter of LGBTQ+ rights.","感情・思考, 英検",4,,"passionate
zealous",,fervent
"interrogate
interrogation
interrogative","尋問する
尋問、取り調べ
疑問の、質問の","Meeting my wife’s parents felt like a police interrogation.
The interrogation of the man lasted for several hours.","会話・伝達, 社会・国家, 英検",4,,,,interrogation
wane,徐々に弱まる、月が欠ける,His enthusiasm for his work started to wane after so much overtime.,"程度・確度, 英検",4,,"fade
diminish",,wane
clout,影響力、権威,Her clout with the association helped her political campaign.,"便利, 社会・国家, 英検",4,,,,clout
secede,脱退する、分離独立する,"In July of 1776, the American colonies seceded from Great Britain.","社会・国家, 英検",4,,,,secede
debunk,正体を暴露する、誤りを指摘する,There was a TV show that worked to debunk various myths.,"会話・伝達, 英検",4,,,,debunk
"recuperate
recuperation
recuperative","回復する
回復
回復させるような",The doctor told him he would need a couple of weeks to recuperate.,"医療・健康, 英検",4,,recover,,recuperate
"epitomize
epitome","典型的に表す
典型、権化、縮図",The ideal employee will epitomize the values of our company.,"便利, 英検",4,,"exemplify
embody",,epitomize
rift,亀裂、裂け目、仲違い,The rift between the two sisters has widened recently.,"便利, 英検",4,,"breach
division
split
crack",,rift
"divulge
divulgence","漏らす、明らかにする
暴露",Lawyers must not divulge confidential client information.,"会話・伝達, 英検",4,,reveal,,divulge
"denote
denotation
denotative","示す、意味する
明示的意味
表示的な",The blue lines on this graph denote company profits.,英検,4,,"represent
signify
indicate",,denote
exodus,大量放出、大量流出,The famine caused a mass exodus of refugees.,"宗教・哲学, 社会・国家, 英検",4,,evacuation,,exodus
corroborate,確証する、裏付ける,We need to find evidence to corroborate your story.,"社会・国家, 英検",4,,"confirm
support",,corroborate
inscrutable,不可解な、神秘的な,His inscrutable personality makes him difficult to talk to.,"人・職業, 英検",4,,,,inscrutable
emaciate,やつれさせる,The shelter takes in emaciated animals and helps them recover.,英検,4,,,,emaciate
"affront
affronted","侮辱
侮辱される",Her poor attitue was taken as a personal affront by everyone.,"社会・国家, 英検",4,,"slight
insult
offense",,affront
fiasco,大失敗,"After the fiasco involving missing money, he was fired.","便利, 英検",4,,"disaster
debacle",,fiasco
aloof,冷淡で、よそよそしくて,She acts aloof and carefree even around her family members.,"人・職業, 英検",4,,"distant
detached",,aloof
quandary,困惑、葛藤,He was in a quandary about where to go on vacation.,"感情・思考, 英検",4,,dilemma,,quandary
"embellish
embellishment","粉飾する、美しく飾る
粉飾、装飾物","Although she embellished the story a little bit, it was mostly true.",英検,4,,decorate,,embellish
renege,約束を破る、反故にする,You cannot renege on the promise you made to your mother.,英検,4,,,,renege
"indoctrinate
indoctrination","（思想などを）吹き込む
教化",Dozens of young people were indoctrinated by the cult.,"会話・伝達, 感情・思考, 英検",4,,,,indoctrinate
"remorse
remorseful","後悔、良心の呵責
良心にさいなまれて",He showed tno remorse for his crimes.,"感情・思考, 英検",4,,"regret
guilt",,remorse
"delude
delusion
delusive","惑わす、欺く
惑わすこと、思い違い
人を惑わすような",He somehow deluded himself into thinking he was popular in school.,"感情・思考, 英検",4,,,,delude
defuse,（危険・緊張などを）取り除く、鎮める,Several leaders tried to defuse the tension between the two countries.,"社会・国家, 英検",4,,,,defuse
precarious,（状況や立場が）不安定な、危うい,The president is in a precarious situation right now.,英検,4,,unsteady,,precarious
"feint
feign","見せかけ、ふり
装う、ふりをする",The woman feigned ignorance when asked about the stolen jewelry.,"カタカナ・象徴語, 英検",4,,pretent,,feint
abject,悲惨な、ひどい、みじめな,She started the organization after meeting people living in abject poverty.,"優劣・是非, 英検",4,,"wretched
terrible",,abject
ulterior,（目的・動機などが）隠された,He had an ulterior motive when when he agreed to the plan.,英検,4,motive / purpose / reason,"hidden
concealed",,ulterior
lambaste,酷評する、こき下ろす,Journalists lambasted the government for lying about their welfare policy.,英検,4,,"criticize
lay into",,lambaste
"commiserate
commiseration","同情する、哀れむ
同情、哀れみ",He commiserated with his sister about the sudden loss of her job.,"感情・思考, 英検",4,,sympathize,,commiserate
"flagrant
flagrantly","目に余る、破廉恥な、言語道断の
目に余るほど",Their actions are a flagrant violation of the law.,"優劣・是非, 程度・確度, 英検",4,,blatant,,flagrant
flout,（故意に法や規則を）無視する,The taxi driver who flouted the law ended up paying a fine.,"社会・国家, 英検",4,"law / rule / regulation / standard
tradition / convention",defy,,flout
"inculcate
inculcation","（思想・知識などを）叩き込む
教え込むこと",Her parents inculcated a love of reading in her.,"会話・伝達, 英検",4,,instill,,inculcate
"emulate
emulation","見習う、まねる
見習うこと",She emulated her father by joining the military when she graduated.,英検,3,,imitate,,emulate
staunch,誠実な、忠実な,The scholar is a staunch supporter of nuclear power.,"人・職業, 英検",4,,"faithful
loyal
devoted",,staunch
disseminate,（情報・知識などを）広める,The students worked to disseminate information about their fundraiser.,英検,4,,disperse,,disseminate
"baffle
bafflement","困惑させる、悩ませる
困惑",His children were baffled by his change in behavior.,"感情・思考, 英検",4,,"stump
perplex",,baffle
menial,技術を要しない、単調な,She does not have the energy to complete even menial tasks.,"ビジネス・経済, 英検",4,,,,menial
"candid
candidly
candor","率直な、遠慮のない
率直に
率直さ",He received some candid advice about his job from his wife.,英検,4,,frank,,candid
irate,激怒した,The customer became so irate that the staff called the police.,"感情・思考, 英検",4,,"furious
exasperated
infuriated
livid
incensed
indignant",,irate
"clique
cliquish","徒党、派閥
排他的な","The soccer players formed a clique and always hung out together.
The new student found it hard to break into the popular students’ clique.","社会・国家, 英検",4,,,,clique
"sporadic
sporadically","散発的な、不定期に起こる
散発的に",Scientists expect that sporadic outbreaks will continue to occur.,"時間・頻度, 英検",4,,intermittent,,sporadic
"abate
abatement","弱まる、和らぐ
軽減、緩和",Public criticism of the mayor’s decision took months to abate.,"医療・健康, 社会・国家, 英検",4,,,,abate
idyllic,牧歌的な、のどかな,She grew up in an idyllic town in the mountains of Italy.,英検,4,,,,idyllic
tarnish,傷つける、光沢を失わせる,Her reputation was tarnished when people found out she was abusive.,英検,4,,taint,,tarnish
"vindicate
vindication","正しさを立証する、潔白を証明する
立証、証明",His strange management style was vindicated by the incredible performance of his subordinates.,"社会・国家, 英検",4,,justify,,vindicate
"subordinate
subordination","下位の、部下
下位、従属","She delegated some of her tasks to her subordinates. 彼女は自分の仕事の一部を部下に任せました
Make sure to be kind to your subordinates.","ビジネス・経済, 人・職業, 英検",3,,,,subordinate
"auspice
auspicious","前兆、吉兆
幸先の良い、吉兆の",It is not really an auspicious time to hold a vote.,"優劣・是非, 英検",4,,promising,,auspicious
fastidious,細心の注意を払う、潔癖な,The pastry chef’s fastidious attention to detail makes her cakes beautiful.,"人・職業, 英検",4,,meticulous,,fastidious
encapsulate,要約する、カプセルに包む,The book perfectly encapsulates what it is like to work as a nurse.,英検,4,,"summarize
sum up",,encapsulate
"deference
deferential","敬意
敬意を払うような、丁寧な",She taught her children to be deferential to their teachers.,"人・職業, 英検",4,,respectful,,deferential
"annex
annexation","併合する、編入する、別館、建て増し
併合",Nobody did anything to stop that region from being annexed.,"社会・国家, 英検",4,,,,annex
"impair
impaired
impairment","悪くする、損なう、害する、低下させる
正常な機能の損なわれた
機能障害","Lack of sleep can impair your concentration. 睡眠不足は集中力を損なうことがあります
Alcohol impairs our quick judgement.","優劣・是非, 医療・健康, 英検",3,,"damage
weaken",,impair
"pungent
pungency","刺激の強い、辛辣な
刺激性、辛辣さ",The pungent smell of sewage made the man gag.,"物理・化学, 英検",4,,,,pungent
"conjecture
conjectural","推測（憶測）、推測（憶測）する
推測による",Everything that you have said so far has been pure conjecture.,英検,4,,"guess
infer
deduce
surmise",,conjecture
muster,奮い起こす、求める、招集する,She could not even muster the energy to brush her teeth. 彼女は歯を磨く気力すら湧かなかった,"感情・思考, 英検",4,,,,muster
forfeit,失う、剥奪される、没収されたもの,The team forfeited the game because of a violent act.,英検,4,,,,forfeit
murky,濁った、見通せない、（闇が）濃い、暗い,The diver could not see anything in the murky water.,英検,,,,,murky
"bigotry
bigot","偏狭、偏屈な行為・考え
偏狭な人",The writer has frequently been accused of bigotry.,"人・職業, 英検",4,,intolerance,,bigotry
"augment
augmentation","増加させる、増大させる
増加、増大",He augments his income by doing freelance work on the side.,"数量・論理, 程度・確度, 英検",4,,,,augment
"smuggle
snyggling","こっそり持ち込む、密輸する
密輸","The man somehow smuggled several guns into the country.
A man was arrested at the airport yesterday for attempting to smuggle illegal drugs into the country.","社会・国家, 英検",4,,,,smuggle
pose,ふりをする、提起する、引き起こす、ポーズ、姿勢、見せかけ,"The scammer posed as a police officer.
I don’t think this project poses any special problems.","カタカナ・象徴語, 英検, 身体の部位",4,,present,,pose
spoil,甘やかす、だめにする,"If you keep giving her candy and toys, you are going to spoil her.",英検,3,,"indulge
ruin",,spoil
sweep,掃く、広がる,"Recently, a wave of pessimism seems to be sweeping the country.","社会・国家, 英検",3,,"brush
engulf",,sweep
"pawn
pawnbroker","質に入れる、手先、利用される人
質屋","She had to pawn her watch collection to pay her rent.
The pawnbroker offered him 20 dollars for his grandfather’s watch.","ビジネス・経済, 人・職業, 英検",4,,,,pawnbroker
breed,飼育する、栽培する、品種、種類,,英検,3,,,,breed
toll,損失、死傷者数、通行料金、使用料金,The forest fire took a heavy toll on the people living in the area.,"ビジネス・経済, 社会・国家, 英検",4,,,,toll
vault,地下金庫室、地下貯蔵室,,英検,4,,,,vault
sewage,下水、汚水,The engineers are working on a new system to deal with sewage.,"社会・国家, 英検",4,,,,sewage
spell,つづる、意味する、呪文、魔力、魅力、短時間、活動期間,We have been experiencing a spell of warm weather recently.,"時間・頻度, 英検",4,,,,spell
"spite
spiteful","悪意、意地悪をする
悪意のある",I think she sent those emails to you out of spite.,"感情・思考, 英検",4,,malice,,spite
petition,請願、請願書,"About 2,000 people have already signed the petition.
The campaigners were asking people walking by to sign a petition to support their cause, and some people were happy to do so. ",英検,4,,"request
appeal
plea",,petition
dimension,次元、局面、規模、寸法,Both companies feel that the merger will add new dimensions to their business.,"便利, 英検",4,,,,dimension
discord,不一致、不和,I detected a note of discord at the meething.,"数量・論理, 英検",4,,,,discord
remnant,残り,This pile of stones is the remnants of an ancient village.,英検,4,,,,remnant
barn,納屋,,英検,5,,,,barn
organism,有機体、生命体,The first organisms appeared on our planet more than 3.8 billion years ago.,"物理・化学, 英検",4,,,,organism
"ratio
ration","比率
割当、割当量、配給、食料、割当制限する、配給する",She found some old military rations in her grandfather’s garage.,"数量・論理, 英検, 食べ物・料理",3,,"allowance
allocation
quota",,ratio
backlash,反発,"The new policy caused a strong backlash from the public.
The government faced backlash against the proposed tax hike.","感情・思考, 社会・国家, 英検",3,,"resistance
opposition",,backlash
compunction,良心の呵責、悔恨,He has no compunctions about lying to everyone.,"感情・思考, 英検",4,,,,compunction
deluge,大量、殺到、大洪水、豪雨,The TV station has received a deluge of complaints about the program.,"地理・気候, 程度・確度, 英検",4,,,,deluge
diffident,自信のない,She has always been diffident about her work as an artist.,"感情・思考, 英検",4,,,,diffident
mollify,人をなだめる、感情を和らげる,He managed to mollify he angry customer by refunding their order.,"感情・思考, 英検",4,,,,mollify
torment,苦しめる、悩ませる、苦悩、苦痛,She has been tormented by her fear of death for ages.,"感情・思考, 英検",4,,,,torment
douse,（明かりや火などを）消す,He doused the campfire with a bucket of water.,英検,4,,,,douse
debacle,大失敗、大敗,The general’s careless mistake led to a huge military debacle.,英検,4,,,,debacle
backlog,仕事などのやり残し、未処理分,The school has a backlog of student applications to go through.,"ビジネス・経済, 英検",3,,,,backlog
"resplendent
resplendence","きらびやかな、まばゆい
輝き、まばゆさ",The queen looked resplendent in a pink dress.,"優劣・是非, 英検",4,,,,resplendent
quaint,古風で趣のある,Tourists flocked to the neighborhood to see its quaint houses.,英検,4,,,,quaint
tepid,なまぬるい、熱意のない,Her tea turned tepid while she was in the shower.,"感情・思考, 英検",4,,,,tepid
malleable,可鍛性の、従順な、人に影響されやすい,Most metals are malleable as they can be bent and shaped.,"人・職業, 物理・化学, 英検",4,,,,malleable
"poignant
poignancy","心に強く訴える、感動的な
痛切さ",The old song brought back poignant memories of my family.,"感情・思考, 英検",4,,,,poignant
exude,（感情・自信などを）溢れ出させる,He is always positive and exudes confidence.,"感情・思考, 英検",4,,,,exude
"detriment
detrimental","損失、損害
有害な、不利益な",Growing up without parents can have a detrimental effect on a child.,"優劣・是非, 英検",4,,,,detrimental
mundane,平凡な、ありふれた、つまらない、現世の、世俗的な,He spends his one day off doing mundane chores like laundry and cleaning.,英検,4,,,,mundane
"inadvertent
inadvertently","うっかりした、不注意な
うっかり、不注意に",She inadvertently ordered several cases of supplies instead of one.,"感情・思考, 英検",4,,,,inadvertently
"culminate
culmination","達する、終わる
最高点、絶頂",Her hard work culminated in the success of her debut novel.,英検,4,,,,culminate
succumb,屈する、負ける,She succumbed to the temptation of the cookies on the table.,"感情・思考, 英検",4,,,,succumb
vicinity,付近、近辺,You should not smoke in the vicinity of other people.,"位置・方向, 英検",4,,,,vicinity
fluctuate,変動する、上下する,His weight has been fluctuating a lot in recent years.,"数量・論理, 英検",4,,,,fluctuate
insurmountable,乗り越えられない、克服できない,The pressure to succeed placed on the development team was insurmountable.,"感情・思考, 英検",4,,,,insurmountable
impending,差し迫った,Politicians are campaigning across the country because of the impending election.,"時間・頻度, 英検",4,,,,impending
retaliation,報復、仕返し,They attacked the country in retaliation for the missile launches.,"感情・思考, 社会・国家, 英検",4,,,,retaliation
"circumvent
circumvention","かいくぐる、回避する
回避、迂回",The company paid bribes in order to circumvent national regulations.,英検,4,,,,circumvent
tout,褒めちぎる、もてはやす,She is touted as the best saxophone player of all time.,"感情・思考, 英検",4,,,,tout
"refute
refutation
refutable / irrefutable","誤りを証明する、反駁する
論破、論駁
反駁できる / 反駁できない",The teacher refuted the basis of his students’ argument.,"意見・説明, 英検",4,,,,refute
animosity,敵意、憎しみ,"Despite being rivals,, there is no personal animosity between us.","感情・思考, 英検",4,,,,animosity
"ramify
ramification","分岐する、分派する
影響、結果",Consider the ramifications of your actions before you do anything.,"便利, 数量・論理, 英検",4,,,,
fugitive,逃亡犯、脱走者、逃亡中の、逃げた,The fugitives were arrested in a small town near the border.,"人・職業, 社会・国家, 英検",4,,,,fugitive
"adamant
adamantly","断固として譲らない
断固として",The suspect was adamant that he had not murdered the victim.,"感情・思考, 英検",4,,,,adamant
languish,辛い状況を強いられる、閉じ込められる、停滞する,He languished in a prison for almost a decade before he was finally released.,英検,4,,,,languish
gall,厚かましさ、ずうずうしさ,He owes me $200 and then has the gall to ask for another $100.,"人・職業, 英検",4,,,,gall
"meddle
meddlesome","干渉する、おせっかいを焼く
おせっかいな",It is not your place to meddle in other people’s relationships.,"人・職業, 英検",4,,,,meddle
"anesthesia
anesthetic
anesthetize","麻酔
麻酔（剤）
麻酔をかける",The doctor told her the anesthetic would wear off in about two hours.,"医療・健康, 英検",4,,,,
engrossed,没頭して,He was engrossed in his show and did not hear the doorbell.,"感情・思考, 英検",4,,,,engrossed
grueling,へとへとに疲れさせる、厳しい,Everyone was exhausted from the grueling journey.,"医療・健康, 英検",,,,,
plunder,略奪する、強奪する、略奪、強奪、略奪品、強奪品,Soldiers plundered the treasures of Africa and took them to Europe.,"社会・国家, 英検",4,,,,plunder
precursor,前兆、前触れ、先駆者、前任者、祖先,This fossil is identified as a precursor to the modern horse.,"人・職業, 便利, 時間・頻度, 英検",4,,,,precursor
brunt,攻撃の矛先,"As producer, she took the brunt of the blame for the project’s failure.","社会・国家, 英検",4,,,,brunt
litany,延々と続くもの,He wrote a litany of complaints online about his stay in the hotel.,"時間・頻度, 程度・確度, 英検",4,,,,litany
repercussion,影響、余波,Leaking any type of confidential information will have serious repercussions.,"便利, 社会・国家, 英検",4,,consequence,,repercussion
"
rational","根拠
理にかなった、合理的な",The prime minister explained her rationale behind the proposed law.,"便利, 英検",4,,"justification
reason",,rationale
"clandestine
cladenstinely","秘密の、内密の
内密に",The couple had a clandestine relationship for years before anyone relalized.,英検,4,,"secret
private",,clandestine
"irreparable
irreparably","修復不可能な
修復できないほどに",,英検,4,,,,irreparably
"preemptive
preemptively
preempt","先制の
先制して
起こらないようにする",The country launched a preemptive strike against their neighbors.,"時間・頻度, 英検",4,strike,,,preemptive
"subvert
subversion
subversive","覆そうとする
政府転覆（活動）
転覆させる",The cyberattacks were carried out to subvert democracy by manipulating election results.,"社会・国家, 英検",4,,,,subvert
"liquidate
liquidation","換金する
清算、整理",The furniture store liquidated their remaining stock before closing.,"社会・国家, 英検",4,,,,liquidate
fruition,達成、実現,"Some 20 years later, their plan finally came to fruition.","便利, 英検",4,,,,fruition
consternation,非常な驚き、仰天、狼狽,The report caused consternation among biologists.,"感情・思考, 英検",4,,dismay,,consternation
garner,獲得する、集める,His support of the rebels garnered a lot of attention in the news.,英検,4,,,,garner
"contingent
contingency","不慮の、偶発的な
事態、将来起こりうること",The manager drew up a contingency plan for her boss.,"便利, 時間・頻度, 英検",4,,,,
predicament,窮地、困難な状況,The paper company is in a serious legal predicament.,"便利, 英検",4,,,,predicament
salvage,運び出す、救出する、回復する、海難救助、回復,He could not salvage any of his belongings after the fire.,"医療・健康, 英検",4,,,,salvage
barrage,集中攻撃、弾幕,The actress faced a barrage of questions from the press.,"社会・国家, 英検",4,,,,barrage
"deter
deterrent
deterrence","抑止する
阻止するもの、妨害物
（戦争・犯罪などの）抑止",The new street lights are intended as a crime deterrence for the neighborhood.,"社会・国家, 英検",4,,impede,,
berate,きつく叱る,Her mother berated her for failing her math test.,"感情・思考, 英検",4,,"scold
reprimand",,berate
bask,浴する、日光浴をする,The tennis star basked in the attention from reporters.,英検,4,,,,bask
"belligerent
belligerently","好戦的な、交戦中の
喧嘩腰で",,"感情・思考, 社会・国家, 英検",4,,,,belligerent
"rebut
rebuttal","誤りだと論証する、反論する
反論","The lawyer rebutted the arguments of the defense with great skill.
A key rebuttal to the 3D tunnels is that if you add one layer of tunnels, that will simply alleviate congestion, it will get used up, and then you’ll be back where you started, back with congestion.",英検,4,,,,rebut
"eulogy
eulogistic
eulogize","弔辞
称賛に満ちた
賛辞を呈する",He asked that his sister deliver the eulogy at his funeral.,"優劣・是非, 英検",4,,,,eulogy
commotion,騒動、大騒ぎ,Her retirement caused a huge commotion in the music industry.,"感情・思考, 英検",4,,"excitement
uproar
disturbance",,commotion
accomplice,共犯者、共謀者,The thief’s accomplice gave him away during police questioning.,"人・職業, 社会・国家, 英検",4,,,,accomplice
"fallacy
fallacious","誤った考え
間違った",The idea that this herb can lower a fever has been proven to be a fallacy.,"数量・論理, 英検",4,,,,fallacy
"plagiarize
plagiarism","剽窃する、盗用する
剽窃、盗用、盗作",He received a failing grade on his paper for plagiarizing sources online.,"社会・国家, 英検",4,,,,plagiarize
conflagration,大火災,Most of the cathedral was destroyed in the conflagration.,"地理・気候, 社会・国家, 英検",4,,,,conflagration
"obtrude
obstrusive","強要する
出しゃばりの、押しつけがましい",Many people uninstall the app due to its obtrusive notifications and pop-up ads.,英検,4,,,,obtrusive
adroit,巧みな、抜け目のない,The stage actor is an adroit performer and admired by all.,"優劣・是非, 英検",4,,skillful,,adroit
enmity,敵意、憎しみ,There is a 100-year history of enmity between the two countries.,"感情・思考, 英検",4,,hostility,,enmity
excruciating,非常に激しい、極度の、耐え難い,He woke up with excruciating pain in his lower abdomen.,"程度・確度, 英検",4,,,,excruciating
"bequeath
bequest","遺す、後世に伝える
遺産",The artist bequeathed many works of art to the museum.,"ビジネス・経済, 社会・国家, 英検",4,,,,
foliage,（集合的に）葉,The area is famous for its beautiful autumn foliage.,"地理・気候, 英検",4,,,,foliage
cavalier,ぞんざいな、気遣いをしない,Her cavalier attitude toward spending money got her into financial trouble.,"人・職業, 英検",4,,,,cavalier
"caliber
calibrate
calibration","質、能力、口径
測定する
測定",The IT firm is proud of the high caliber of its many employees.,"便利, 英検",4,,,,caliber
"controversial / incontrovertible
controversy","議論を呼ぶ / 議論の余地のない、明白な
物議、論争","There is no incontrovertible evidence putting my client at the scene.
Many types of animal testing for scientific research are very controversial.","会話・伝達, 意見・説明, 英検",3,,,,
"valiant
valiantly","思い切った、勇気のある
勇敢に",He put in a valiant effort to pass his entrance exams.,"人・職業, 英検",4,,,,valiant
camaraderie,友情、仲間意識,There is a strong feeling of camaraderie between all the participants.,"感情・思考, 英検",4,,friendship,,camaraderie
"embezzle
embezzlement","使い込む、横領する
使い込み、横領",She was convicted of embezzling public funds.,"社会・国家, 英検",4,,,,embezzle
drab,単調な、退屈な、面白みのない,The drab appearance of her office makes her feel depressed.,"優劣・是非, 英検",4,,boring,,drab
scruple(s),良心のとがめ、ためらい,The nurse said she had no scruples about eavesdropping on patients.,"感情・思考, 英検",4,,,,scruple
feud,確執、いさかい,The feud between those two families spans several generations.,"感情・思考, 英検",4,,,,feud
brash,生意気な、偉そうな,The musician is known for his brash attitude.,"性格・態度, 英検",4,,"arrogant
impudent",,brash
"apprehend
apprehension","捕える、逮捕する
逮捕",The police apprehended the murderer after a car chase.,英検,4,,,,apprehend
pique,そそる、怒らせる,The magazine cover near the cashier piqued his interest.,"感情・思考, 英検",4,,"spark
arouse",,pique
"infest
infestation","はびこる、群がる
はびこること、蔓延",An inspection revealed that the house was infested with termites.,英検,4,,,,infest
gloat,ほくそ笑む、満悦,His coach scolded him for gloating over his victory after the match.,"感情・思考, 英検",4,,,,gloat
"archaic
archaism","時代遅れの、旧式の、古風の、古語の
古語","Last year, the bank finally updated its archaic system of record keeping.","時間・頻度, 英検",4,,outdated,,archaic
veer,急に向きを変える,Two people were injured when their car veered off the road.,"位置・方向, 英検",4,,,,veer
quell,鎮める、抑える,The police could not quell the riot and had to retreat to a more secure location.,"社会・国家, 英検",4,,,,quell
"frugal
frugality","質素な、倹約する、無駄遣いしない
質素、倹約",He was frugal because he lived in poverty as a youth.,"社会・国家, 英検",4,,"economical
prudent",,frugal
unscathed,無傷で、無事で,It is a miracle that you escaped from the car accident unscathed.,"医療・健康, 英検",4,,unharmed,,unscathed
glut,過剰供給,There is a glut of houses on the market at the moment.,"ビジネス・経済, 英検",4,,"oversupply
excess",,glut
knack,こつ、要領、特技,She has a knack for building small bird houses.,"便利, 英検",4,,,,knack
"farce
farcical","茶番、馬鹿げたこと
茶番のような、非常に馬鹿げた",The journalists reported that the political debate was a total farce.,"優劣・是非, 英検",4,,travesty,,farce
"interject
interjection","口をはさむ
不意の発声、妨害",It is rude to interject your opinion into a conversation without listening first.,"会話・伝達, 英検",3,,interrupt,,interject
"marginal
marginally","余白、周辺、余裕、限界、利幅
ごくわずかな
わずかに、かろうじて",The quality of his work has only improved marginally.,"程度・確度, 英検",4,,"slightly
barely",,marginal
broach,話を切り出す、持ち出す,He decided to broach the subject of fostering a child with his wife.,"会話・伝達, 英検",4,,,,broach
misgiving,不安、懸念,"They had misgivings about her ability to win the competition, but she did.","感情・思考, 英検",3,,"anxiety
worry",,misgiving
reconnaissance,偵察、調査,They made an aerial reconnaissance of the enemy position.,"社会・国家, 英検",4,,,,reconnaissance
"infatuated
infatuation","夢中になって、のぼせて
夢中、熱中","She is absolutely infatuated with the boy, and it is all she talks about.","感情・思考, 英検",4,,,,infatuated
morale,士気、意気込み,The coach worked hard to raise morale after three consecutive losses.,英検,,,,,
"substantiate
substantiation","実証する
実証、証拠",Your essay must provide information that substantiates your claims.,"便利, 物理・化学, 英検",4,,corroborate,,substantiate
erroneous,間違った、誤った情報に基づく,The assumption is based on erroneous and outdated information.,"数量・論理, 英検",4,,incorrect,,erroneous
"exacerbate
exacerbation","さらに悪化させる
悪化、進化",These measures will only work to exacerbate the poverty problem.,"優劣・是非, 英検",4,,aggravate,,exacerbate
"elude
elusive","かわす、逃れる
つかまえにくい、見つけにくい、理解しにくい、捉えどころのない",The giant squid is an elusive deep-sea creature.,英検,4,,,,elusive
stifle,抑える、押し殺す、窒息させる,The police stifled any criticism of their actions.,"医療・健康, 英検",4,,,,stifle
hatch,"企てる
孵化させる",The rebels hatched a plot to take down the government.,"物理・化学, 英検",4,,,,hatch
exorbitant,法外な、途方もない,The exorbitant price of rent in the city is affecting everyone.,"程度・確度, 英検",4,,"excessive
unreasonable",,exorbitant
"confiscate
confiscation
confiscatory","没収する、押収する
没収品、押収品
没収の、押収の",His teacher confiscated his phone after he was caught with it in class.,"社会・国家, 英検",4,,seize,,confiscate
"curtail
curtailment","削減する、切り詰める
削減、切り詰め",The city council tried to curtail its personal spending.,"ビジネス・経済, 社会・国家, 英検",4,,"cut
limit",,curtail
"cease
cessation","終わる、中止する
中止、停止、中断",The country announced cessation of financial support to other countries.,"時間・頻度, 英検",4,,,,cease
"relegate
relegation","格下げする、左遷する
格下げ、降格","After the series of costly mistakes, she was relegated to a role with less responsibilities.","ビジネス・経済, 英検",4,,demote,,relegate
bolster,支える、強化する,The company is working hard to bolster its reputation.,英検,4,,"reinforce
buttress
boost",,bolster
"repair
reparation
reparable","補う、補償する
賠償金、補償
賠償しうる",The country was forced to pay huge war reparations.,"ビジネス・経済, 英検",4,,"compensation
restitution
amends",,reparation
"conjure
conjurer","思い起こさせる、魔法で〜を出す
手品師","To many people, Paris conjures an image of romance.","人・職業, 英検",4,,,,
turmoil,騒動、混乱,Countries all over the world are facing increasing economic turmoil.,"感情・思考, 英検",4,,"commotion
turbulence",,turmoil
permeate,充満する、行き渡る,The smell of freshly ground coffee permeated the room.,英検,4,,pervade,,
gist,要点、趣旨,The gist of his argument was that school curriculums should be changed.,"便利, 英検",4,,essence,,gist
"prolific
proliferate
proliferation","多作の、多産の
急増する
急増",The prolific inventor has thousands of patents for various inventions.,"数量・論理, 芸術・音楽, 英検",4,,productive,,prolific
rout,大敗北、総崩れ,The political party lost more than half their seats in a rout.,英検,4,,defeat,,rout
disband,解散させる、解散する,Police were sent in to disband the crowd of protestors.,英検,4,,,,disband
"somber
somberly","陰鬱な、重苦しい、地味な、薄暗い
地味に",The mood was somber in the room after they heard the bad news.,"感情・思考, 英検",4,,gloomy,,somber
"annotate
annotation","注釈をつける
注釈、注解",I would never be able to understand this book without the annotations.,英検,4,,,,annotate
tenable / untenable,耐えられる、防御できる、擁護できる、支持できる / 防御できない、擁護できない、支持できない,You should research more because your argument is currently untenable.,英検,4,,,,
assuage,和らげる、緩和する,The mayor has sought to assuage public concerns about the project.,英検,4,,"ease
relieve",,assuage
flounder,ヒラメ、カレイ、苦労する、問題を抱える、言い淀む,"Without proper training, young teachers can flounder in schools.","感情・思考, 生物・動物, 英検",,,"struggle
falter",,flounder
pander,迎合する、おもねる,It is well known that governments tent to pander to the rich.,英検,4,,,,pander
overt,公然の、あからさまな,The two brothers showed overt hostility toward one another.,英検,4,,"obvious
blatant",,overt
"antagonize
antagonistic
antagonism","敵意を持たせる
敵対する、敵意のある
敵対、敵意",She has always been antagonistic to people of authority.,"感情・思考, 英検",4,,"hostile
opposed",,antagonistic
budge,（意見や態度を）変える、身動きする,"He refused to budge, even when everyone else disagreed with him.","意見・説明, 英検",4,,,,budge
sedentary,座っていることの多い、定住する,"Her job is enjoyable, but it is a bit too sedentary for her.",英検,4,,,,sedentary
ember,残り火、燃えさし、余韻、名残,She blew on the ember to produce fire.,"感情・思考, 英検",4,,,,
"accentuate
accentuation","強調する、際立たせる
強調",The actress’s short hair accentuates her natural beauty.,"程度・確度, 英検",4,,emphasize,,accentuate
engender,生じさせる、引き起こす,His lengthy presentation did not engender much excitement in the audience.,"感情・思考, 英検",4,,"create
produce
cause",,engender
"inundate
inundation","押し寄せる、殺到する、水浸しにする
殺到、氾濫",Customer support was inundated with calls after the flight was canceled.,英検,4,,,,inundate
rampage,凶暴に暴れること、暴れ回る,"The man went on a rampage through town, smashing several windows.","動作, 感情・思考, 社会・国家, 英検",4,,,,rampage
echelon,段階、階層,The fashion brand became popular among the upper echelons of Paris.,"便利, 英検",4,,,,echelon
"disdain
disdainful","軽蔑、侮辱、軽蔑する、見下す
尊大な、軽蔑的な",Her grandfather openly showed his disdain for her choice of college.,"性格・態度, 感情・思考, 英検",4,,"scorn
derision",,disdain
eschew,避ける,Our organization actively eschews violence and asks all members to do the same.,英検,4,,,,eschew
"palate
palatable","味覚
口に合う、無難な味の、（考えが）好ましい",This brand of cough syrup is much more palatable than others.,"優劣・是非, 英検, 身体の部位, 食べ物・料理",4,,,,palate
referendum [複]referenda,国民投票、住民投票,The country will hold a referendum to decide if it will pursue nuclear power.,"社会・国家, 英検",3,,,,referendum
fickle,気まぐれな、移り気な、変わりやすい、不安定な,Her fickle nature makes it difficult to buy presents for her.,"性格・態度, 感情・思考, 英検",4,,,,fickle
tantamount,同等の、等しい,To say nothing is tantamount to saying you agree. 何も言わないのは、賛成だと言うことに等しい,"数量・論理, 英検",4,,"equivalent
identical",,tantamount
"placid
placidity","静かな、穏やかな、落ち着いた
静穏、平静",The placid surface of the lake looked like a giant piece of glass.,"性格・態度, 英検",4,,,,placid
heave,引っ張ること、持ち上げる、積み込む、ため息をつく,"With a heave, they lifted the wooden beam onto the truck. 彼らは木の梁を引っ張ってトラックに乗せた","動作, 英検",4,,,,heave
"scrawl
scrawly","殴り書きする
殴り書きの",He scrawled a note for his mother saying he would be back soon.,"動作, 英検",4,,,,scrawl
implore,懇願する,Human rights activists are imploring people to be wary of the current situation.,"依頼, 英検",4,,,,implore
accost,近寄って話しかける,She was accosted by a security guard and asked to leave the area.,"会話・伝達, 英検",4,,,,accost
erratic,不安定な、むらのある,He was stopped by police for driving in an erratic way.,英検,4,,unpredictable,,erratic
absolve,無罪を言い渡す、赦免する,"During the trial, the court absolved him of any wrongdoing.","社会・国家, 英検",4,,,,absolve
hoard,蓄え、貯蔵、貯蔵する、ため込む,Archaeologists discovered a hoard of gems in a tomb.,英検,4,,stockpile,,hoard
"pamper
pamper myself","甘やかす
気ままに振る舞う、存分にくつろぐ",I sometimes pamper myself with a spa.,"感情・思考, 英検",4,,,,
"incarcerate
incarceration","投獄する、監禁する
投獄、監禁","The woman was incarcerated for a petty crime, and it ruined her life.","社会・国家, 英検",,,,,incarcerate
"brief
brevity","簡潔な、短い
簡潔さ",He is known for his brevity and simple writing style.,英検,4,,,,
"brief
brevity","簡潔な、短い
簡潔さ",He is known for his brevity and simple writing style.,英検,3,,,,brief
"culpable
culpability","咎められるべき
咎められるべきこと",The investigation showed that the driver was not culpable in the card accident.,"社会・国家, 英検",4,,blameworthy,,culpable
impervious,無感覚な、鈍感な、（水や湿気を）通さない、不浸透性の,Her husky seems like it is impervious to the cold.,英検,4,,,,impervious
prowess,卓越した技量,His athletic prowess was proven when he won the championship.,"便利, 英検",4,,,,prowess
"nonchalant
nonchalantly
nonchalance","平然とした、無頓着な
平然と
平然",Her nonchalant attitude about the scandal shocked her fans.,"性格・態度, 英検",4,,,,nonchalant
dawdle,ぐずぐずする、時間を浪費する,His parents told him to stop dawdling and get ready for school.,"時間・頻度, 英検",4,,,,dawdle
"capitulate
capitulation","抵抗を止める、受け入れる
降伏","After one week, company executives capitulated to the striking workers’ demands.","社会・国家, 英検",4,,,,capitulate
rebuff,拒絶する、拒絶,The council rebuffed efforts by activists to save the local park.,"意見・説明, 英検",4,,,,rebuff
"pedantic
pedantry
pedant","細事にこだわる、細かい
細事にうるさいこと
細事にこだわる人",The pedantic teacher deducts points from essays for even small punctuation errors.,"性格・態度, 英検",4,,,,pedantic
squeamish,すぐに気分が悪くなる,This movie may not be suitable for those who are squeamish.,"医療・健康, 英検",4,,,ˈskwiːmɪʃ,squeamish
diatribe,痛烈な批判,The journalist wrote a diatribe against the government’s policy.,"意見・説明, 英検",4,,,,diatribe
"reprehend
reprehensible","非難する、叱責する
非難されるべき",he is ashamed of his utterly reprehensible behavior.,"優劣・是非, 英検",4,,disgraceful,,reprehend
cryptic,不可解な、謎めいた,Someone left a cryptic message in front of our house.,英検,3,,mysterious,,cryptic
"exuberant
exuberance","熱狂的な、喜びにあふれた
あふれる熱気",The fans were exuberant when their team won the rugby game.,"感情・思考, 英検",4,,,,exuberant
"pallid
pallor","青白い、生気のない
青白さ、青白",She went to see a doctor because her skin was pallid.,"医療・健康, 感情・思考, 英検",4,,,,
acrid,辛辣な、とげとげしい、鼻をつく、刺激性の,He was shocked by the acrid remarks of his coach regarding his performance.,"性格・態度, 物理・化学, 英検",4,,,,acrid
penchant,嗜好、偏愛,"Looking at her wardrobe, it is obvious she has a penchant for bright colors and flowery designs.","感情・思考, 英検",4,,"fondness
inclination",,penchant
"vigil
vigilant
vigilance","徹夜、寝ずの番、通夜
警戒を怠らない
警戒、用心",The school held a vigil for their student who died in an accident.,英検,4,,,,vigil
"sheepish
sheepishly","決まりの悪い
決まり悪そうに、おどおどして",The girl sheepishly admitted to her teacher that she could not understand her homework.,"性格・態度, 英検",4,,,,sheepish
unkempt,身なりがだらしない、髪をとかしていない,"No matter what sh does, her hair looks unkempt.","人・職業, 英検",4,,"messy
shabby",,unkempt
wince,顔をしかめる、たじろぐ,He wined when he nurse pricked his arm with the needle.,"感情・思考, 英検",4,,"flinch
recoil",,wince
"dilapidated
dilapidation","荒れ果てた、ボロボロの
荒廃、破損",Her parents turned a dilapidated shack into a beautiful cottage.,英検,4,,,,dilapidated
"blemish
blemished","しみ、汚れ、傷、欠点、汚点
傷のある、汚点のある",This article lists five all-natural ways to remove facial blemishes.,"便利, 優劣・是非, 医療・健康, 英検",4,,,,blemish
paltry,ごくわずかな、たったの,The company rejected a paltry one percent pay raise.,"程度・確度, 英検",4,,"petty
meager
insignificant",,paltry
"ambivalent
ambivalence","相反する感情（考え）を持つ
心理的葛藤、ためらい",She seems to feel ambivalent about his proposal.,"感情・思考, 英検",4,,,,ambivalent
hermit,世捨て人、隠遁者,The poet lived in the mountains for years as a hermit.,"人・職業, 英検",4,,recluse,,hermit
quench,いやす、和らげる、（火や光を）消す,She quenched her thirst with a bottle of water.,"医療・健康, 英検",4,,"extinguish
douse",,quench
dispel,（恐怖や不安を）払いのける,The manager’s speech was meant to dispel employees’ concerns about the future of the company.,"感情・思考, 英検",4,,,,dispel
"wrath
wrathful","猛烈な怒り、激怒
怒りに満ちた",Public wrath over the scandal soon passed and all was forgotten.,"感情・思考, 英検",4,,"ire
fury",,wrath
"polarize
polarization","二極化させる、二分する
二極化",The bridge project has polarized the local community.,"意見・説明, 数量・論理, 英検",3,,divide,,polarize
"condole
condolence","悔やみを言う
悔やみ、追悼の意",I offer my sincerest condolences to his family and friends.,"感情・思考, 英検",4,,,,condolence
charlatan,ペテン師、大ぼら吹き,Many suspected he was a charlatan.,"人・職業, 英検",4,,fraud,,charlatan
"succinct
succinctly","簡潔な
簡潔に",The secretary gave a succinct summary of the president’s schedule for the day.,英検,4,,concise,,succinct
infraction,違反、侵害,He was suspended from school for infractions of school rules.,"社会・国家, 英検",4,,violation,,infraction
"detract
detraction","（価値や名声を）損なう
（価値や名声を）損なうこと",The large sign detracts from the beautiful view of the mountain.,"優劣・是非, 英検",4,detract from,,,detract
gorge,渓谷、峡谷,The Grand Canyon is probably the most famous gorge in the world.,"地理・気候, 英検",4,,"canyon
ravine",,gorge
"acquit
acquittal","無罪判決を言い渡す
無罪判決",The suspect’s acquittal did not surprise anyone because there was not enough evidence.,"会話・伝達, 社会・国家, 英検",4,,,,acquittal
lurch,よろめく、（乗り物が）急に傾く、揺れる、突然の揺れ,The passengers lurched forward when the driver suddenly stopped the tram.,"位置・方向, 動作, 英検",4,,stumble,,lurch
"adorn
adornment","装飾する、飾る
装飾",The walls are adorned with paintings and photographs.,英検,4,,"decorate
embellish",,adorn
rubble,がれき、破片,A woman has been found alive in the rubble of a collapsed building.,"物, 英検",4,,debris,,rubble
homage,敬意、尊敬,She paid homage to her vocal coach after she won the singing competition.,"感情・思考, 英検",4,pay homage to someone,"deference
reverence",,homage
stint,活動期間、任期、出し惜しみする,He gained more respect for restaurant workers following his brief stint as a server.,"時間・頻度, 英検",4,,"spell
stretch",,stint
"procure
procurement","入手する、獲得する
入手、調達",The market procures all of its produce from local sources.,"ビジネス・経済, 英検",4,,"acquire
attain",,procure
"mortify
mortification","恥をかかせる、屈辱を与える
悔しさ、屈辱",She was mortified when she slipped and fell in front of her date.,"感情・思考, 英検",4,,humiliate,,mortify
fret,くよくよする、気を揉む、苛立ち、焦燥,His mother recommended he stop fretting about the small thing.,"感情・思考, 英検",4,,worry,,fret
"denigrate
denigration","中傷する、評判を汚す
中傷",Her latest essay was accused of denigrating the government.,"社会・国家, 英検",4,,,,denigrate
"consecrate
conrecration","神に捧げる、神聖化する
神聖化",This church was consecrated 100 years ago.,"宗教・哲学, 英検",4,,sanctify,,consecrate
ultimatum <複>ultimata,最後通告,She gave him an ultimatum: quit his job or end their relationship.,"会話・伝達, 便利, 英検",4,,,,ultimatum
fidelity,忠誠、忠実、そっくりなこと、正確さ,Employees owe a duty of fidelity to their company.,"感情・思考, 英検",4,,"loyalty
devotion",,fidelity
"susceptible
susceptibility","影響されやすい、感染しやすい
感染しやすさ","Patients undergoing chemotherapy are more susceptible to infections.
Children are susceptible to peer pressure. 子どもは同調圧力の影響を受けやすい","医療・健康, 性格・態度, 英検",4,,prone,,susceptible
debris,がれき、残骸,Volunteers worked to remove the debris from the beach.,"物, 英検",4,,rubbles,dəˈbriː,debris
"revitalize
revitalization","新しい活力を与える、再活性化する
再活性化",The town council produced a plan to revitalize the downtown area.,英検,4,,"reinvigorate
refresh
replenish",,revitalize
instill,教え込む、染み込ませる,Good teachers instill confidence in their students.,"感情・思考, 英検",4,,,,instill
"disparate
disparity","全く異なる、共通点のない
相違、差異",All of the presidential candidates have disparate views on the current immigration policy.,"数量・論理, 英検",4,,,,disparate
elicit,（返事や反応を）引き出す,The company hopes to elicit useful data from their questionnaire.,英検,4,,,,elicit
shun,避ける、敬遠する,He shuns any products that are not friendly to the environment.,英検,4,,avoid,,shun
"nomad
nomadic","遊牧民
遊牧の、遊牧民族の",Nomadic lifestyles are becoming popular again in the digital age.,"IT・工学, 人・職業, 地理・気候, 英検",4,,,,nomad
"disperse
dispersion","分散する、追い散らす
分散、解放",Police dispersed the demonstrators by force.,英検,4,,"diffuse
scatter",,disperse
havoc,破壊、混乱,Heavy snow caused havoc all over the country.,"感情・思考, 英検",4,,disorder,,havoc
mar,損なう、台無しにする,Their holiday party was marred by a winter storm.,英検,4,,"tarnish
spoil",,mar
inception,発足、開始,Our company has strived to support our employees since its inception.,"ビジネス・経済, 時間・頻度, 英検",4,,beginning,,inception
"resurgent
resurgence","再起する、復活する
再起、復活、再燃",The release of the new book has led to a resurgence in the author’s popularity.,英検,4,,revival,,resurgent
delve,掘り下げる、探求する,His documentary delves into the lives of refugees in Europe.,英検,4,,,,delve
embed,埋め込む、はめ込む、（考えや感情を）刻み込む,The old statue was so firmly embedded in the ground that it took days to dig it out.,"IT・工学, 動作, 感情・思考, 英検",4,,"lodge
insert",,embed
bestow,（栄誉や称号を）与える、授ける,Many awards were bestowed on the scientist during his lifetime.,英検,4,,,,bestow
"stringent
stringency",厳しい、厳しさ,Stringent measures are needed to keep factory workers safe.,英検,4,,"strict
rigorous",,stringent
"dissipate
dissipation","消散する、消える、散らす、追い払う、浪費する
消失、消散",It took a while for the bad feelings between them to dissipate.,英検,4,,,,dissipate
hoax,虚偽の警報、いたずら、人をかつぐ、騙す,The calls to the fire departmemt were actually part of a hoax.,"社会・国家, 英検",4,,,,hoax
astound,びっくり仰天させる,The news astounded us all.,"感情・思考, 英検",4,,"amaze
astonish",,astound
reinstate,復帰させる、復職させる,He was reinstated after being proven innocent.,"ビジネス・経済, 英検",4,,restore,,reinstate
adjunct,付属物、補助、付属の、補助の,The smartphone app is meant to be an adjunct to the book.,英検,4,,"accessory
additional",,adjunct
momentous,極めて重要な,Graduation is a momentous occasion for all students.,"優劣・是非, 英検",4,,,,momentous
"evade
evasion","（責任などから）逃れる、（質問などを）避ける
回避",She evaded taxes for years but was eventually caught and charged.,英検,4,,,,evade
"benign
benignancy","良性の、優しい
良性",He had a benign tumor removed through a minor surgery.,"医療・健康, 性格・態度, 英検",4,,"malignant
gentle
favorable",,benign
"concede
concession","譲歩する、敗北を認める
譲歩",The company agreed to increase vacation days as a concession.,英検,4,,compromise,,concession
"enlighten
enlightenment","知らせる、教える、啓発する
啓発、教え","If you know what was decided in the meeting, could you enlighten me?","会話・伝達, 便利, 教育・学校, 英検",4,,"educate
inform",,enlighten
"preclude
preclusion","妨げる、不可能にする
防止、妨害",The lack of data precluded us from performing an appropriate analysis.,英検,4,,prevent,,preclude
treacherous,危険な、油断できない、不誠実な、裏切りの,"Luckily, the ship did not sink while sailing through the treacherous waters.","性格・態度, 英検",4,,"dangerous
hazardous",,treacherous
besiege,取り囲む、押しかける,Paparazzi besieged her home after her lates movie was released.,英検,4,,,,besiege
"impeccable
impeccably","非の打ち所がない
申し分なく",He has impeccable taste when it comes to interior design.,"優劣・是非, 程度・確度, 英検",4,,"perfect
flawless",,impeccable
flaunt,誇示する、ひけらかす,The actress is always flaunting her wealth to everyone.,英検,4,,show off,,flaunt
revamp,改良する、改造する,The chef decided that the restaurant menu needed to be revamped.,英検,4,,"renovate
update
overhaul",,revamp
stake,出資、関与、利害関係、賭け、掛け金,He has a stake in the success of this project.,"ビジネス・経済, 英検",4,,,,stake
"opulent
opulence",ぜいたくな、豪華な、金持ちの、裕福な,She won a trip to an opulent resort in Mexico.,"性格・態度, 英検",4,,,,opulent
frigid,極寒の、無感動な、冷淡な,Frigid and dangerous conditions prevented the airplane from taking off.,"地理・気候, 性格・態度, 英検",4,,,,frigid
embargo,通商停止、貿易停止、貿易を停止する,The government imposed an arms embargo temporarily.,"ビジネス・経済, 英検",4,,,,embargo
bemoan,不満に思う、不平を言う、嘆き悲しむ,Everyone in town bemoan the lack of a local gas station.,"会話・伝達, 感情・思考, 英検",4,,"complain
moan",,bemoan
impasse,行き詰まり、難局,Negotiations between the two companies reached an impasse this morning.,"便利, 英検",4,,"deadlock
stalemate",,impasse
conspicuous / inconspicuous,目立った、顕著な、はっきり見える / 目立たない、地味な,It is hard to be inconspicuous once you become a celebrity.,"性格・態度, 英検",4,,,,inconspicuous
derelict,遺棄された、放置された、見捨てられた人,The city introduced a project to restore derelict buildings.,"人・職業, 英検",4,,"abandoned
neglected",,derelict
meager,不十分な、乏しい,He uses his meager income to support a family of four.,"程度・確度, 英検",4,,scanty,,meager
decry,公然と非難する,Protesters decried the plan to build a new pipeline.,英検,4,,"condemn
disparage",,decry
"botch
botched","しくじる、やり損なう
不出来な、下手な","The first doctor botched her cosmetic surgery, and she had to get it fixed.","優劣・是非, 英検",4,,,,botch
bout,期間、発作、試合,I always have a bout of hay fever in early spring.,"スポーツ, 医療・健康, 時間・頻度, 英検",4,,spell,,bout
collateral,担保（物件）、付随する、二次的な,We are putting up our house as collateral for a bank loan.,"ビジネス・経済, 英検",4,,,,collateral
"impede
impediment","妨げる
障害、支障",A major impediment to your success is your poor attitude.,"便利, 英検",4,,obstacle,,impediment
"precocious
precocity","早熟な、大人びた、ませた
早熟","A precocious musician, he could play several instruments by the age of five.","性格・態度, 時間・頻度, 英検",3,,,,precocious
"mediocre
mediocrity","良くも悪くもない、平凡な
平凡、月並み",The service at the local fast food place is mediocre.,"優劣・是非, 英検",4,,average,,mediocre
kickback,リベート、払い戻し,Some journalists discovered that the mayor was accepting kickbacks.,"カタカナ・象徴語, ビジネス・経済, 英検",3,,,,kickback
"requisite
requisition","必要不可欠な
必要、要求",Some professors believe attending lectures is requisite to passing their courses.,"ビジネス・経済, 数量・論理, 英検",4,,,,requisite
"exemplar
exemplary
exemplify
exemplification","模範、手本
模範的な、りっぱな
典型例となる、例証する
例証","She was exemplary employee and won awards for her skills.
These works fully exemplify her genius.","便利, 優劣・是非, 性格・態度, 英検",4,,,,exemplary
"defy
defiant
defiance","公然と反抗する
反抗的な、挑戦的な
反抗的態度",Defiance is a very normal behavior for teenagers and sometimes younger children too.,"感情・思考, 英検",4,,disobedience,,defiance
conceted,協力して行われる、協調的な,They all made a concerted effort to improve product quality.,英検,4,,coordinated,,concerted
banter,軽口、冗談の言い合い,"After a couple of minutes of friendly banter, the interviewer began asking job-related questions.",英検,4,,,,banter
antiseptic,消毒薬、防腐剤、消毒用の、殺菌の,You should always apply an antiseptic wen you cut yourself.,"医療・健康, 英検",4,,,,antiseptic
"incessant
incessantly","絶え間のない、ひっきりなしの
絶え間なく",People living in the area are upset about the incessant noise coming from the construction site.,"時間・頻度, 英検",4,,constant,,incessant
allegiance,忠実、忠実,He switched his allegiance to the opposition party after he lost the election.,"感情・思考, 英検",4,,loyalty,,allegiance
"delinquent
delinquency","滞納した、義務を怠った、非行の、罪を犯した
滞納金、不履行、軽犯罪","If you are three months delinquent in paying rent, you will be kicked out.","ビジネス・経済, 社会・国家, 英検",4,,,,delinquent
prod,促す、思い出させる、つつく,Her mother kept prodding her to cut her hair until she finally did.,"感情・思考, 英検",4,,"poke
urge
persuade",,prod
"coerce
coercive
coercion","強要する
強制的な
強制、抑圧",He claims that he was coerced into signing an unfair contract with the company.,英検,4,,force,,coerce
"pertinent
pertinence","関係のある、適切な、妥当な
適切、妥当",Please provide pertinent information on the reverse side of this form.,"優劣・是非, 英検",4,,"relevant
applicable",,pertinent
"arbitrary
arbitrarily","任意の、恣意的な
任意に、恣意的に",Many feel that the new school policy is completely arbitrary.,英検,4,,random,,arbitrary
bane,破滅のもと、悩みの種,Piles of paperwork are the bane of my life.,"感情・思考, 英検",4,,"burden
struggle",,bane
"morbid
morbidity","病的な、不健全な
病的な状態",He has a morbid curiosity about the different stages of death.,"医療・健康, 程度・確度, 英検",4,,,,morbid
"purge
purge A from B = purge B of A","追放する
AをBから追放する",The new policy to purge the town of crime will not work.,英検,4,,,,purge
"pervade
pervasive","行き渡る、蔓延する
行き渡った、蔓延した",Pervasive corruption was discovered within the local school board.,"医療・健康, 英検",4,,,,pervasive
"appraise
appraisal","評価する、鑑定する
評価、鑑定","His house was appraised at $200,000, which was higher than he had expected.",英検,4,,assess,,appraise
"null
nullify
nullification","無効な
無効にする、破棄する
無効にすること、破棄すること",The couple decided to nullify their marriage of 10 years.,"IT・工学, 英検",3,,,,null
"tacit
tacitly","暗黙の、無言の
暗黙のうちに",They had a tacit agreement not to discuss religion.,英検,4,,"unspoken
implicit
implied",,tacit
swerve,向きを変える、ハンドルを切る、方向を変えること,The car swerved to avoid a cat and spun out of control.,"位置・方向, 英検",4,,"turn
veer",,swerve
"perpetrate
perpetraion
perpetrator","罪を犯す、悪事を働く
悪事を行うこと
犯人、加害者",The man was accused of perpetrating an investment fraud.,"人・職業, 社会・国家, 英検",4,,commit,,perpetrate
"recluse
reclusive","隠遁者、世捨て人
隠遁した、引きこもりがちな",,英検,,,,,reclusive
onus,責任、義務,The onus is on companies to inform customers when their products might be dangerous.,英検,4,,responsibility,,onus
cinch,容易いこと、間違いないこと、本命,The cake recipes in this book are a cinch to make.,"便利, 英検",4,,,,cinch
"mesmerize
mesmerizing","すっかり魅惑する、釘付けにする
魅惑的な",The children were mesmerized by all of the beautiful lights.,"優劣・是非, 英検",4,,"fascinate
captivate
enthrall",,mesmerize
lurid,恐ろしい、残忍な、どぎつい、けばけばしい,The book describes the lurid details of the murderer’s crimes.,"感情・思考, 英検",4,,,,lurid
"exhort
exhortation","強く勧める、説得する
熱心な勧告",The lawyer exhorted his client to tell the truth.,"会話・伝達, 英検",,,,,exhort
throng,群衆、人だかり、群がる、殺到する,She weaved through the throng of people like an expert.,"人・職業, 英検",4,,crowd,,throng
thwart,阻止する、妨げる,His plan to steal the money was thwarted by the police.,英検,4,,"block
prevent",,thwart
"insinuate
insinuating
insinuation","遠回しに言う
意味ありげな
嫌味、当てこすり",Her father always insinuates that she will never be successful.,"会話・伝達, 英検",4,,,,insinuate
canvass,（寄付や投票を求めて）訪ねて回る,The organization sent their volunteers to canvass for donations.,英検,4,,,,canvass
"complacent
complacency","自己満足の、悦に入った
満足、満悦","If you become too complacent, yo will not succeed in life.","感情・思考, 英検",4,,,,complacent
innuendo,ほのめかし、当てこすり,The film was banned for sexual innuendo.,英検,4,,insinuation,,innuendo
clench,食いしばる、握りしめる,He has a bad habit of clenching his jaw when he isstressed.,"動作, 英検",4,,,,clench
"astute
astutely
astueness","鋭い、鋭敏な
抜け目なく
抜け目のなさ",Her analysis of the play was astute and well thought out.,"性格・態度, 英検",4,,shrewd,,astute
levity,軽率さ、場違いな陽気さ,Everyone was surprised by the levity of the film despite its dark themes.,英検,4,,frivolity,,levity
falter,口ごもる、声が震える、調子が悪くなる、勢いがなくなる,His voice faltered when he spoke to the crowd.,"優劣・是非, 英検",4,,stumble,,falter
copious,多くの,The artist threw copious amounts of paint onto the canvas.,"数量・論理, 英検",4,,"plentiful
abundant",,copious
retort,言い返す、切り返す,She retorted that the crime rate had actually gone down.,"会話・伝達, 英検",4,,,,retort
wilt,しおれる、しんなりする、ぐったりする,The flowers wilted under the heat of the sun.,"医療・健康, 英検",,,,,wilt
"accrue
accrual","徐々にたまる
利子",He accrued a lot of debt in his student years.,"ビジネス・経済, 数量・論理, 英検",4,,,,accrue
reprieve,執行延期（中止）、一時的な猶予、執行を延期する、閉鎖を猶予する,The few days of sunshine were a welcome reprieve from the weeks of constant rain.,"時間・頻度, 社会・国家, 英検",4,,,,reprieve
rehash,焼き直し、改作、焼き直す,All of her stories are just rehashes of ones she has told before.,英検,4,,,,rehash
"congregate
congregation","集まる、集合する
集合、集会",A large crowd congregated at the park to see the prime minister speak.,英検,4,,gather,,congregate
demure,おとなしい、控えめな（女性っぽく）,Her parents raised her to be a demure young lady.,"性格・態度, 英検",4,,,,demure
"mock
mockery","模擬の、まがいものの、ばかにする、からかう
あざけり、からかい",The teacher gave out a mock exam to prepare her students.,英検,4,exam,,,mock
abscond,逃亡する、行方をくらます、持ち逃げする[with],The waitress absconded with al of the day’s profit.,英検,4,,,,abscond
ebb,（人気や感情が）衰退する、潮が引く、衰退、引き潮,His interest in history began to ebb after he started working.,"地理・気候, 感情・思考, 英検",4,,,,ebb
"dissuade
dissuasion","説得して思いとどまらせる
説得して思いとどまらせること",Her friends tried to dissuade her from moving across the country.,"会話・伝達, 英検",4,,discourage,,dissuade
"repudiate
repudiation","否認する、拒絶する
否認、拒否",The owner publicly repudiated the rumors of a merger with a rival company.,"会話・伝達, 英検",4,,,,repudiate
deposition,宣誓証言、供述調書、堆積、沈殿、免職、罷免,Lawyers conducted a deposition of all the witnesses yesterday.,"社会・国家, 英検",4,,,,deposition
"retain
retention","記憶する、保持する
記憶、記憶力、保持",Taking a nap after a study session can improve your retention.,"感情・思考, 英検",4,,,,retention
"propagate
propagation","広める、繁殖させる
伝播、普及、繁殖、増殖",The famous YouTuber was criticized for his propagation of conspiracy theories.,"会話・伝達, 生物・動物, 英検",4,,,,propagate
cringe,すくむ、後退りする、身が縮む,"His dog was abused as a puppy, and it cringes whenever he lifts his hand up.","感情・思考, 英検",4,,wince,,cringe
unruly,言うことを聞かない、手に負えない,The kids started to get a bit unruly when they were playing outside.,"性格・態度, 英検",4,,"disobedient
recalcitrant",,unruly
dislodge,取り除く、移動させる,Some roof tiles became dislodged during yesterday’s windstorm.,"位置・方向, 動作, 英検",4,,,,dislodge
tactful,機転の利く、そつのない,She made up a tactful excuse for why she could not go.,"優劣・是非, 英検",4,,,,tactful
"deride
derisive
derision","嘲笑う
嘲笑的な、あざけりの
嘲笑、あざけり",She gave a derisive laugh in response to the man’s comment.,"感情・思考, 英検",4,,,,derisive
blunder,へま、どじ、不手際,The accounting blunder cost the company tens of thousands of dollars.,"便利, 優劣・是非, 英検",4,,,,blunder
"proliferate
proliferation","急増する、拡散する、急増させる
急増","The use of smartphones proliferated, and now almost everyone has one.","数量・論理, 英検",4,,multiply,,proliferate
boisterous,（生き物が）騒がしい,The students were in a boisterous mood on the last day of school.,"性格・態度, 英検",4,,"energetic
lively
noisy",,boisterous
coax,上手く連れ出す、救い出す、説得する、なだめすかす,The firefighter coaxed the cat out of the tree.,"会話・伝達, 英検",4,,,,coax
teem,多い、うようよいる,Our local park is teeming with all kinds of wildlife.,"数量・論理, 英検",4,,,,teem
pariah,のけ者、嫌われ者,He was treated as a social pariah in his community.,"人・職業, 英検",4,,,pəˈraɪə,pariah
"vain
vanity","自惚れた
自惚れ、虚栄心",Her vanity forces her to spend a lot of money on cosmetic products.,"性格・態度, 英検",4,,,,vanity
cumbersome,扱いづらい、運びづらい,"The gear is cumbersome, but it is also keeping you safe.",英検,4,,,,cumbersome
"deplore
deplorable","非難する、残念に思う
ひどい、悲惨な、嘆かわしい、悲しむべき",Work conditions leading up to the event were deplorable.,"会話・伝達, 優劣・是非, 英検",4,,"appalling
despicable
terrible",,deplore
bravado,虚勢、強がり,He began to regret his earlier bravado.,"性格・態度, 英検",4,,"bluster
swagger",,bravado
"dogma
dogmatic","独断、独断的な考え、教義、定説
独断的な、独善的な、教義上の、教義に関する",She is too dogmatic to argue with.,"カタカナ・象徴語, 宗教・哲学, 性格・態度, 英検",4,,,,dogma
"contrive
contrivance
contrived","考案する、企む
考案、計略
わざとらしい","The prisoners contrived a way to escape, but eventually gave up.","感情・思考, 英検",4,,,,contrive
omen,前兆、前触れ,Some people believe seeing a black cat is a bad omen.,"便利, 時間・頻度, 英検",4,,portent,,omen
"abdicate
abdication","（王位や権利を）放棄する
放棄、退位",The queen abdicated the throne to her oldest daughter.,"社会・国家, 英検",4,,,,abdicate
"swindle
swindler","騙す、騙し取る
詐欺師",He swindled thousands of people out of their money with fake weight-loss pills.,"人・職業, 社会・国家, 英検",4,,,,swindle
"slouch
slouchy","前かがみになる、だらけた格好をする
前かがみの、だらしない",Be careful not to slouch during the interview.,"動作, 性格・態度, 英検",4,,,,slouch
lanky,やせてひょろっとした,She is short and stocky while her brother is tall and lanky.,"医療・健康, 英検",4,,,,lanky
reprisal,報復、仕返し,The terrorists threatened reprisal because of the sanctions against them. テロリストたちは、自分たちに対する制裁に報復すると脅した,"社会・国家, 英検",4,,"retaliation
vengeance
retribution",,reprisal
"desolate
desolation","人気（ひとけ）のない、荒れ果てた、孤独な、寂しい
荒廃",I saw a desolate landscape through the window.,英検,4,,bleak,,desolate
perennial,"いつまでも続く、絶え間ない、多年生の
多年生植物",This dis is a perennial favorite at our restaurant.,"時間・頻度, 生物・動物, 英検",4,,,,perennial
bluff,はったりをかける、はったり、こけおどし,"He was only bluffing, but you had better watch your back anyway.","カタカナ・象徴語, 意見・説明, 英検",3,,,,bluff
"squirm
squirmy","身をよじる、もがく
もがいている、もじもじしている",The cat squirmed out of its owner’s arms and ran off.,"動作, 英検",4,,wriggle,ˈrɪɡl,squirm
"transpire
transpiration","起こる、明らかになる、水分を蒸発させる
蒸発、発散",There is a clear record of what transpired here that night.,"物理・化学, 英検",4,,"happen
occur",,transpire
aboveboard,公明正大な、隠しごとをしない,We always try to do business in an aboveboard manner.,"性格・態度, 英検",4,,,,aboveboard
"eminent
eminence","高名な、著名な
高名、卓越",All of the most eminent physicists attended the conference.,"性格・態度, 英検",4,,,,eminent
"discern
discerning
discernable
discernment","識別する
洞察力のある、目の肥えた
認められる、識別できる
洞察力、眼識",They offer quality products to satisfy even the most discerning customer.,"性格・態度, 英検",4,,,,discern
"labyrinth
labyrinthine",迷宮、迷路、複雑なもの,The old town is a labyrinth of twisting alleys.,"カタカナ・象徴語, 便利, 英検",4,,maze,,labyrinth
"conciliate
conciliatory
conciliation","なだめる、懐柔する、調停する
なだめるような
懐柔",The ambassador made attempts to conciliate both sides in the international conflict.,"会話・伝達, 英検",4,,pacify,,conciliate
perfunctory,いい加減な、通り一遍の、やる気のない,Their customer service representatives only ever give perfunctory replies.,"優劣・是非, 性格・態度, 英検",4,,,,perfunctory
"repatriate
repatriation","本国へ送還する
本国送還",The government finally canceled its plan to repatriate refugees.,"社会・国家, 英検",4,,,,repatriate
traverse,横切る、越える,It took them five days to traverse the vast desert.,"動作, 英検",4,,cross,,traverse
bridle,つんとする,He bridled at the suggestion that he was dishonest. 遠回しに嘘つきだと言われ、彼はつんとした,"感情・思考, 英検",4,,,,bridle
queasy,むかむかする、吐き気がする,The rocking of the boat made me queasy.,"医療・健康, 英検",4,,,ˈkwiːzi,queasy
grapple,取り組む、取っ組み合う,The NGO is grappling with how to address world hunger.,"ビジネス・経済, 英検",4,,tackle,,grapple
livid,激怒した、怒り狂った,Fans were livid when a referee’s bad call caused the team to lose.,"感情・思考, 英検",4,,"furious
irate
indignant",,livid
"zeal
zealous","熱意、情熱
熱心な、熱狂的な",The mayor worked on the problem with great zeal.,"感情・思考, 英検",4,,enthusiasm,,zeal
stupor,人事不省、昏睡状態,He drunk himself into a stupor last night and could not even find his way home.,"医療・健康, 英検",4,,,,stupor
harrowing,悲惨な、痛ましい,Her book is about the harrowing experiences of sexual assault.,"優劣・是非, 英検",4,,"frightening
chilling
traumatic",,harrowing
brazen,厚かましい、図々しい、平然とした,They show a brazen disregard for the law.,"性格・態度, 英検",4,,,,brazen
"elucidate
elucidation","解明する
解明、明快な説明",The scientist’s work led to the elucidation of the impacts of the disease.,"会話・伝達, 英検",4,,,,elucidate
"repel
repellent",追い払う、撃退する、不快にする,He used netting to repel birds from his garden.,"動作, 感情・思考, 英検",4,,,,repel
scamper,素早く走る,The small animals scampered around the meadow with joy.,"動作, 英検",4,,,,scamper
"meander
meandering","曲がりくねる、あてもなく彷徨う
曲がりくねった、曲がりくねった川や道",The Annapolis River meanders along the length of the valley.,"位置・方向, 動作, 地理・気候, 英検",4,,,miˈændər,meander
"despondent
despondency","失望した、落胆した、意気消沈した
失望、落胆",He looks very despondent over the loss of his dog.,"感情・思考, 英検",4,,,,despondent
wade,歩く、歩いて渡る,She waded through the shallow water of the lake.,"動作, 英検",4,,,,wade
"inquire
inquiry
inquisitive
inquisition","尋ねる、問い合わせる
質問、問い合わせ
好奇心の強い、詮索好きな
徹底的な探求",Young children are inquisitive by nature.,"ビジネス・経済, 性格・態度, 英検",4,,,,inquire
chastise,厳しく非難する,His parents chastised him for staying out too late.,"会話・伝達, 英検",4,,,,chastise
"correlate
correlation
correlative","相互に関連付ける
相関関係
相関関係のある","I will look at it and see if there is correlation with the power-supply module life.
The study revealed a correlation between income levels and overall health.","便利, 数量・論理, 英検",3,,,,correlation
"solid
solidity
solidify","堅実な、確かな、安定した、個体
固さ、堅実性
凝固する、凝固させる、強固になる、強固にする","I wouldn’t say he’s a superstar or anything, but he’s a really solid player.
Concrete typically starts to solidify within 24 to 48 hours after it is poured.","優劣・是非, 性格・態度, 物理・化学, 英検",2,,legit,sɑːlɪd,solid
"retard
retardation","遅らせる、妨げる
遅延、延滞",A study suggests certain chemicals many retard children’s brain development.,英検,4,,,,retard
complexion,肌の色、顔色,People with a pale complexion tend to burn more easily.,"医療・健康, 英検, 身体の部位",4,,,,complexion
constellation,星座,The first constellation she ever found was the Big Dipper.,"地理・気候, 英検",4,,,,constellation
imbue,（考えを）植え付ける、染み込ませる,They were imbued with Christian faith.,"感情・思考, 英検",4,,,,imbue
"frenetic
frenzied
frenzy","慌ただしい、狂ったような
熱狂的な
熱狂",Not everyone is suited to the frenetic pace of cities.,"感情・思考, 英検",4,,,,frenetic
snag,思いがけない問題、障害,The only snag is I would have to move if I got the job.,"便利, 英検",4,,,,snag
rummage,引っ掻き回して探す,She rummaged through every drawer for her ring.,"動作, 英検",4,,,ˈrʌmɪdʒ,rummage
condone,許す、大目に見る,Our company does not condone discrimination in the workplace.,英検,4,,,,condone
"brusque
brusquely","ぶっきらぼうな、無愛想な
ぶっきらぼうに、無愛想に",The woman explained the details of her plans brusquely.,"性格・態度, 英検",4,,,,brusquely
"derogate
derogatory","（名声・価値を）損なう
軽蔑的な、侮辱的な",The lawmaker made derogatory remarks about other party members.,英検,4,,,,derogate
oblique,遠回しの、間接的な、斜めの、傾斜した,Everyone noticed his oblique attack on the president yesterday.,"位置・方向, 英検",4,,,,oblique
rumble,ゴロゴロ鳴る、グーグー鳴る、ゴロゴロ鳴る音,His stomach rumbled so loudly that everyone in the room heard it.,"カタカナ・象徴語, 英検",4,,,,rumble
goad,けしかける、駆り立てる、挑発する,He was goaded into losing his temper during the debates.,英検,4,,,,goad
"deduce
deduction",推論,Police deduced from the evidence that he was involved in the robbery.,"感情・思考, 英検",4,,,,deduce
"awry
go awry","曲がった、歪んだ
駄目になる",Their travel plans went awry when all the buses to Cusco got canceled.,"位置・方向, 優劣・是非, 英検",4,,,,awry
dearth,不足、欠乏,A dearth of evidence meant the police could not charge her for the crime.,"数量・論理, 英検",4,,,,dearth
"detest
detestable
detestation","憎む、ひどく嫌う
大嫌いな、憎むべき
嫌悪、憎むこと","As a child, he detested foods with strong flavors like kimchi or blue cheese.","感情・思考, 英検",4,,"hate
despise
loathe",,detest
"agile
agility","敏捷な、軽快な
機敏さ、軽快さ、頭の回転の速さ",She did well on the test for agility.,"スポーツ, 感情・思考, 英検",4,,,,agile
uncanny,不思議な、神秘的な,She has an uncanny resemblance to her deceased grandmother.,英検,4,,weird,,uncanny
wager,賭ける、請け合う、賭け事,More than one million dollars was wagered on the house race.,"ビジネス・経済, 英検",4,,,,wager
peruse,読む、熟読する,Please peruse the attached documents before attending this afternoon’s meeting.,英検,4,,,,peruse
plenary,全員出席の,The second plenary meeting took place at the end of last month,"ビジネス・経済, 英検",4,meeting,,,plenary
"litigate
litigation
litigious","訴訟を起こす、法廷で争う
訴訟、告訴
訴訟好きな",The company is preparing to litigate over software patents.,"性格・態度, 社会・国家, 英検",4,,,,litigate
"replicate
replica","再現する、複製する
複製品、模造品",,"IT・工学, カタカナ・象徴語, 英検",3,,,,replicate
stark,まったくの、完全な、明確な、殺風景な,There is a stark contrast to the styles of the director’s first two films.,"程度・確度, 英検",4,,,,stark
plight,苦境、深刻な状況,He wrote a book about the plight of Syrian refugees.,"優劣・是非, 英検",4,,,,plight
spearhead,先頭に立つ、やりの穂先,She spearheaded a campaign to improve music education in schools.,英検,4,,,,spearhead
envoy,使節、使者,"That year, the dictator secretly sent an envoy to negotiate a treaty with the nation.","人・職業, 社会・国家, 英検",4,,,,envoy
"wreak
wreak havoc on","（損害などを）もたらす
〜に壊滅的な被害を与える",The mouse infestation wreaked havoc on their electrical system.,"優劣・是非, 英検",4,,,,wreak
burgeon,急速に発展する、芽吹く,They city has burgeoned over the past few decades.,"生物・動物, 英検",4,,,,burgeon
"bombard
bombardment","爆撃する
爆撃、砲撃",An aerial bombardment destroyed most of the city center the following night.,"社会・国家, 英検",4,,,,bombard
"expedite
expedient
expeditious
expediency","促進する、急がせる、迅速に処理する
役立つ、都合の良い、効率的な
迅速な、手際の良い
方便、打算、ご都合主義","The company tried to expedite the shipping of their new perfume collection.
The company opted for expediency and simply released the flawed product. その会社は打算に走り、欠陥製品をそのまま発売した","優劣・是非, 感情・思考, 時間・頻度, 英検",4,,speed up,,expedite
frantic,取り乱した、大慌ての,He became frantic when he noticed te important documents were missing.,"感情・思考, 英検",4,,"distraught
hectic",,frantic
plummet,急落する、真っ逆さまに落ちる,The company’s stocks plummeted after the insider trading scandal.,"数量・論理, 英検",4,,,,plummet
"premise
premises","前提、根拠
敷地、構内","The whole premise of the report is actually incorrect. そのレポートの根拠全体が実際間違っている
Smoking is not allowed on the premises. 構内では喫煙は禁止されています","位置・方向, 便利, 英検",3,,,,premise
"brew
brewery","（お茶やコーヒーを）入れる、煎じる、（ビールなどを）醸造する
ビール醸造所",She brews a cup of coffee every morning right after waking up.,"英検, 食べ物・料理",4,,,,brew
testament,証、証拠,"The success of these recent graduates is a testament to the value of hard work.
Christians read both the Old Testament and the New Testament. キリスト教徒は旧約聖書と新約聖書の両方を読みます","便利, 宗教・哲学, 英検",4,,,,testament
"prudent
prudently
prudence","用心深い、慎重な
用心深く、慎重に
用心深さ、思慮、分別",His father taught him at a young age to exercise prudence with his finances.,"性格・態度, 英検",4,,,,prudent
adjacent,隣の、隣接した,His office is adjacent to a delicious Turkish restaurant.,"位置・方向, 英検",4,,,əˈdʒeɪsnt,adjacent
"confederate
confederation","同盟に加わっている、連合の
同盟、連合","The American colonies formed a confederation, which enabled them to cooperate during their war for independence.","社会・国家, 英検",4,,,,confederate
"align
alignment","一列に並べる、一致させる
整列、調整","All the desks in the classroom are aligned in even rows and columns.
Make sure the buttons are aligned to the center.
Let's align on the requirements with the product team.","IT・工学, 位置・方向, 英検",3,,,,align
"affable
affability","愛想の良い、気さくな
愛想の良さ",She is an affable person who is great to take out.,"性格・態度, 英検",4,,,,affable
"maneuver
maneuverable","操作する、操作、策略、作戦行動、軍事演習
操作しやすい",The creative military maneuver saved the lives of many troops.,"動作, 社会・国家, 英検",4,,,,maneuver
brawl,騒々しい喧嘩、乱闘,A brawl broke out between two groups of fans at the hockey game.,英検,4,,,,brawl
"zest
zestful","熱意、熱情、強い喜び、面白み、魅力
熱心な","With her zest for life, she tends to improve the mood and energy of everyone around her.","感情・思考, 英検",4,,,,zest
"ratify
ratification","批准する
批准、承認",The senator is strongly opposed to the ratification of the treaty.,"社会・国家, 英検",4,,,,ratify
scam,詐欺、ぺてん,Don’t use this website. It has to be a scam.,"社会・国家, 英検",3,,,,scam
snowball,雪玉、雪だるま式に増加する,The cost of the wedding began to snowball as their planning progressed.,"数量・論理, 英検",3,,,,snowball
"thrift
thrifty","質素、倹約
質素な、倹約するような","As a thrifty person, she is always finding deals and coupons for things.",英検,4,,,,thrift
amiable,人当たりの良い、愛想の良い,His grandmother was an amiable person who was known for being kind to everyone she met.,"性格・態度, 英検",4,,,,amiable
stand idly by,傍観して,He will not stand idly by while others are in danger.,英検,4,,,,stand idly by
slam,酷評、酷評する、ドアをバタンと閉める,"After the argument, her daughter slammed the door to her bedroom.
Turn away and slum the door!","会話・伝達, 動作, 英検",4,,,,slam
glitch,故障、不調、（計画の）狂い,The software glitch causes the program to freeze for a few seconds.,"IT・工学, 英検",4,,,,glitch
query,質問、問い合わせ,His job mostly involves responding to customers’ queries regarding their online orders.,"IT・工学, 会話・伝達, 英検",4,,,,query
benchmark,基準、基準点,"Let's use last year's data as a benchmark. 去年のデータを基準にしよう
The government's numbers are an important benchmark. 政府による数字は重要な基準です
This test is commonly used as a benchmark for evaluating the ability of English.","便利, 数量・論理, 英検",3,,,,benchmark
prudent / imprudent,分別のある、良識的な、堅実な、用心深い、倹約する / 無分別な、軽率な,It would be imprudent to ignore the potential problem.,"性格・態度, 英検",4,,,,prudent
wrest,力ずくで奪う、もぎ取る,"After their father died, he tried to wrest control of the company from his brothers.","動作, 英検",4,,,,wrest
"avail / avail oneself of
available
availability","効力がある、役立つ 、利益、効果 / 利用する
利用可能な、役に立つ
利用できること",He availed himself of the opportunity to attend the programming classes for free.,"便利, 優劣・是非, 英検",2,,,,avail
relapse,病気を再発する、再び陥る、再発、ぶり返し,"After 10 years of being sober, the loss of his mother caused him to relapse.","医療・健康, 時間・頻度, 英検",4,,,,relapse
"volatile
volatility","変わりやすい、不安定な、気まぐれな
変わりやすいこと、気まぐれ",The company’s volatile stock price has scared away most investors.,"ビジネス・経済, 性格・態度, 数量・論理, 英検",3,,,,volatile
tenet,主義、教義,Limiting the suffering of living creatures is a major tenet of Buddhism.,"宗教・哲学, 感情・思考, 英検",4,,,,tenet
"lament
lamentation
lamentable","嘆く、悲しむ
深い悲しみ、悲嘆
悲しむべき",Fans lamented the untimely death of the young actress.,"優劣・是非, 感情・思考, 英検",4,,,,lament
"resilient
resilience","回復力がある、立ち直りが早い、弾力性のある
回復力",The human body can be amazingly resilient.,"医療・健康, 性格・態度, 物理・化学, 英検",4,,,,resilient
void,空虚、喪失感、真空、無効の、空の、空虚な,Volunteering helped to fill the void after he lost his wife in the accident.,"IT・工学, 感情・思考, 数量・論理, 英検",4,,,,void
relinquish,（権利などを）放棄する,"Due to her illness, she has no choice but to relinquish control of the company.","社会・国家, 英検",4,,,,relinquish
"illicit
illicitly","違法な、不法な、許されない、不義の
違法に",She was arrested for attempting to sell illicit drugs.,"社会・国家, 英検",4,,,,illicit
"sustain
sustainable
sustenance","維持する
維持できる、持続可能な
生命の維持、食物、生計",The people of the village depend on the river for sustenance.,"社会・国家, 英検",4,,,,sustain
irascible,短気な、怒りっぽい,Alexander the Great was an irascible man with a very short temper.,"性格・態度, 英検",4,,,,irascible
"regress
regression
regressive","後退する、逆戻りする
後戻り
後戻りするような","After the severe injury to her head, she regressed to a childlike state.","時間・頻度, 英検",4,,,,regress
"saturate
saturated
saturation","濡らす、浸す
びしょ濡れの、染み込んだ
浸潤、充満",She saturated the sponge with water before cleaning the dishes.,英検,4,,,,saturate
"revoke
revocation","無効にする、廃止する
廃止、撤回","After she caused a second accident, a judge revoked her driver’s license.","社会・国家, 英検",4,,,,revoke
wrench,もぎ取る、引き離す、レンチ、スパナ、辛い悲しみ,The toddler tried to wrench himself free of his mother’s grip. その幼児は身をよじって母親の手から逃れようとした,"カタカナ・象徴語, 動作, 感情・思考, 物, 英検",4,,,,wrench
"suffocate
suffocation","窒息（死）させる
窒息（死）",Two men were found in a car suffocated to death.,"医療・健康, 英検",4,,,,suffocate
"scarce
scarcely
scarcity","乏しい、不十分な
ほとんど〜ない
不足、欠乏",The scarcity of gold and silver has historically made them very valuable.,"数量・論理, 英検",3,,,,scarce
"deploy
deployment","展開させる、配置する
展開、配置",The government was forced to deploy more troops to the area.,"IT・工学, 社会・国家, 英検",4,,,,deploy
multitude,多数の、大衆、群衆,Our education system faces a multitude of problems.,"数量・論理, 英検",4,,,,multitude
threshold,出発点、発端、戸口、敷居、限界点、閾値,The scientists claim that they are on the threshold of a major breakthrough.,"IT・工学, 位置・方向, 数量・論理, 時間・頻度, 英検",4,,,,threshold
"intercept
interception","途中で捕らえる、（通信を）傍受する
途中で奪うこと、傍受",War broke out after the secret letter was intercepted by the foreign spy.,"IT・工学, 社会・国家, 英検",4,,,,intercept
deceased / the deceased,死去した / 故人,The deceased man’s family and friends attended an event in his honor.,"人・職業, 医療・健康, 英検",4,,,,deceased
straddle,またがる,"His friend took a picture of him straddling his new motorcycle.
The city straddles the river.","位置・方向, 動作, 英検",4,,,,straddle
nurture,育てる、養育する、（思想や感情を）育む、助長する、養育、教育,She carefully nurtured the young plants by providing them with water and sunlight.,"教育・学校, 生物・動物, 英検",4,,,,nurture
"connote
connotation","含意する
含意、言外の意味",This word has a slightly negative connotation.,"会話・伝達, 英検",4,,,,connote
boon,恩恵、ありがたいもの,The new program for part-time workers is a boon for working mothers.,"便利, 優劣・是非, 英検",4,,,,boon
"opaque
opacity","不透明な、光を通さない
不透明度",They used an opaque type of glass for the bathroom windows.,"IT・工学, 物理・化学, 英検",4,,,,opaque
"extradite
extradition",（犯罪者などを）引き渡す、送還する,He fled to a country that does not extradite criminals to the US.,"社会・国家, 英検",4,,,,extradite
"coarse
coarsely","きめの粗い、ざらざらとした
粗く",This cloth is very hard and coarse.,英検,4,,,,coarse
"pompous
pomposity","もったいぶった、尊大な、仰々しい
尊大さ、仰々しさ",His pompous remarks make it clear that he thinks he is smarter than everyone else.,"性格・態度, 英検",4,,,,pompous
duplicity,二枚舌、不誠実な行為,He was a good lier and I was not able to recognize his duplicity.,"社会・国家, 英検",4,,,,duplicity
"spill
spillage","こぼす
こぼすこと、こぼれること、こぼれたもの",She put the container in a plastic bag in case of spillage.,"動作, 英検",4,,,,spill
"incinerate
incineration","焼却する、火葬する
焼却、火葬",The island nation incinerates about 80 percent of its solid waste.,英検,4,,,,incinerate
twitch,ぴくぴく動く、痙攣,His lips were twitching as he suppressed a laugh.,"カタカナ・象徴語, 医療・健康, 英検",4,,,,twitch
clobber,決定的に打ち負かす,The superhero clobbered the villain in the final battle of the movie.,"スポーツ, 英検",4,,,,clobber
"impel
impulse","駆り立てる、強いる
衝動",He felt impelled to express his own opinion.,"感情・思考, 英検",4,,,,impel
"deprecate
deprecation",批判する、反対する、不賛成を唱える、好ましくないものとする,"She deprecated the government’s attitude toward unemployment.
The feature is deprecated and will be removed in a future release.","IT・工学, 会話・伝達, 英検",4,,,,deprecate
"hibernate
hibernation","冬眠する
冬眠",Bears will soon start to get ready to hibernate.,"生物・動物, 英検",4,,,,hibernate
equilibrium,均衡、釣り合い、平静、落ち着き,The government policy has caused supply and demand to be out of equilibrium.,"感情・思考, 数量・論理, 英検",4,,,,equilibrium
facet,一面、側面,Our website explains every facet of Japanese life.,"便利, 英検",4,,,,facet
remnant,名残、面影、端切れ,Millions of tourists come to see the remnants of ancient Rome.,英検,4,,,,remnant
chuckle,くすくす笑う、ほくそ笑む、含み笑い,The audience chuckled at the lecturer’s joke.,"カタカナ・象徴語, 感情・思考, 英検",3,,,,chuckle
jiggle,小刻みに揺れ動く,I heard the doorknob jiggle as someone tried to open the door.,"動作, 英検",4,,,,jiggle
epiphany,突然のひらめき、悟り,He was in the shower when he had an epiphany about how to end his novel.,"感情・思考, 英検",4,,,,epiphany
hobble,足を引きずって歩く,The injured player hobbled off the field with the help of his teammates.,"動作, 英検",4,,,,hobble
creed,信条、主義、教義,We cannot support this policy because it goes against our creed.,"宗教・哲学, 感情・思考, 英検",3,,,,creed
loiter,うろうろする、ぶらつく,A security guard told the teenagers to stop loitering in the parking lot.,"動作, 英検",4,,,,loiter
"magnanimous
magnanimity","度量の大きい、心の広い
度量の大きさ",The team’s captain was magnanimous in defeat and complimented the winning team.,"人・職業, 英検",4,,,,magnanimous
clot,凝固する、塊,The substance helps blood clot.,"物理・化学, 英検",4,,,,clot
articulate,考えをはっきり述べる、考えをはっきり述べることができる、明瞭な,Her public speaking cach helped her become a more articulate speaker.,"会話・伝達, 性格・態度, 英検",4,,,,articulate
surge,急に高まること、急騰、高揚、殺到する、押し寄せる,The news segment caused a surge of new orders for the product.,"数量・論理, 英検",3,,,,surge
flourish,栄える、繁栄する、よく育つ,The business flourished once they started marketing more aggressively.,"ビジネス・経済, 生物・動物, 英検",4,,,,flourish
"perpetuate
perpetual
perpetuation","永続させる
永続する、普遍の
永続させること",The war perpetuates the poverty in the country.,"時間・頻度, 英検",4,,,,perpetuate
discard,捨てる、処分する,"If you do not use the provided extra screws, you can discard them.",英検,3,,throw away,,discard
"repress
repressive
repression","抑える、抑制する
抑圧的な
抑圧",Repressing the painful memories of her childhood led to psychological problems later in life.,"感情・思考, 英検",3,,,,repress
"array
an array of","配列する、配置する、配列、配置、大群、多数
多様な、数々の",A vast array of products can be bought on this one website.,"IT・工学, 数量・論理, 英検",4,,,,array
"lay out
outlay","広げる、適切に並べる、説明する、計画する、打ちのめす、投資する、支出する
支出、費用","She laid out all her clothes on the bed before packing. 荷造りする前に、彼女は服を全部ベッドの上に並べた
Can you lay out your plan for the project? プロジェクトの計画を説明してくれる？
The city is laid out in a grid pattern. その都市は碁盤目状に設計されている
I had to lay out a lot of money for the repairs. 修理のためにかなりのお金を支払わなければならなかった
They are projecting an initial outlay of one million dollars for the product’s development. 彼らは製品の開発に100万ドルの初期支出を見込んでいる","カタカナ・象徴語, ビジネス・経済, 位置・方向, 動作, 意見・説明, 英検, 計画・予定",3,,,,lay out
"expel
expulsion","追放する
追放、排除","Expulsion of minorities is taking place in that country.
The student was expelled from school for threatening another student with a knife.","影響・妨害, 英検",3,,,,expel
"futile
futility","無益な、無駄な
無益であること","His attempts to fix the car proved futile, so he took it to an auto repair shop.","優劣・是非, 英検",4,,,,futile
"endow
endowment","授ける、寄付する
寄付、才能",The boy is endowed with impressively high intelligence. その少年は驚くほど高い知性を備えている,英検,4,,,,endow
amenity,施設、設備、快適さ,"The hotel’s amenities include a swimming pool, a spa, and a fitness center.","カタカナ・象徴語, 英検",4,,,,amenity
"pragmatic
pragmatism","現実的な、実践的な
実践的な考え方",We have adopted a pragmatic approach to solving problems.,"感情・思考, 英検",4,,,,pragmatic
"lag
lag behind","遅れる、ノロノロしている、進行が遅れている
遅れをとる、遅れること","My computer is lagging today.
Supply has lagged behind demand. 需要に対して供給が追いついていない","IT・工学, 時間・頻度, 英検",3,,,,lag
"deflect
deflection","（批判や注意を）躱す、（進路から物を）そらす、それる
進路をそらすこと、それること","He deflected the question twice, then plainly refused to answer it.","動作, 英検",4,,,,deflect
"elastic
elasticity","弾性力のある、伸縮性の、柔軟な
弾性力、伸縮性","The waist is elastic, so you can wear these pants without a belt.
The system supports elastic scaling.","IT・工学, 物理・化学, 英検",3,,,,elastic
"amplify
amplification","拡大する、増大する、増幅する
拡大、増幅",This latest partnership will amplify the company’s influence abroad.,"数量・論理, 英検",4,,,,amplify
ordeal,辛い体験、試練,The illness was a difficult ordeal for her to go through.,"感情・思考, 英検",4,,,,ordeal
"embody
embodiment","具体的な形に表す、具現化する
具現",The product embodies the principles of simplicity and functionality in its design.,英検,3,,,,embody
"whim
on a whim","気まぐれ、思いつき
思いつきで","She got the tattoo on a whim, and she has regretted it ever since.","便利, 感情・思考, 英検",4,,,,whim
"adulate
adulation
adulatory","へつらう
（過度の）絶賛、称賛
お世辞の",The Olympic swimmer enjoyed the adulation of millions of fans.,"感情・思考, 英検",4,,,,adulate
muffle,（音や声を）消す、（防寒具などで体を）包む、くるむ,They muffled the noise of the toy by putting tape over the speaker.,"動作, 英検",4,,,,muffle
"disavow
disavowal","否定する
否定",He disavowed his responsibility for the accident.,英検,4,,,,disavow
poised,準備ができて,"Based on her impressive résumé, she seems poised to take on a leadership role.",英検,4,,,,poised
"homogeneous
homogeneity
homogenize","同質の、均質の
同質性、均質性
同質化する、均質化する","Compared to the United States, Japan is a more homogeneous society.",英検,4,,,,homogeneous
hubris,傲慢、思い上がり,The consequences of Odysseus’s hubris serve as a warning of the dangers of excessive pride.,"性格・態度, 英検",4,,,,hubris
din,（絶え間ない）騒音,It was hard to hear each other’s voices over the loud din of the restaurant.,英検,4,,,,din
"bureaucrat
bureaucratic
bureaucracy","官僚、官僚主義的な人
官僚的な
官僚制度",She was tired of dealing with bureaucrats and their endless paperwork.,"人・職業, 社会・国家, 英検",4,,,,bureaucrat
mishap,ちょっとした災難、不運,"The many mishaps of the trip were stressful, but they became great stroies.","優劣・是非, 英検",4,,,,mishap
pounce,飛びかかる、飛びつく,"The cat slowly approached and then pounced on the toy mouse.
Investors pounced on the chance to buy the stock at a lower price.","動作, 英検",4,,,,pounce
"figurative
figuratively","比喩的に、象徴的に
比喩的な",She was speaking figuratively when she said that her workplace was a “zoo.”,英検,4,,,,figurative
semblance,うわべ、外見、類似,They city is returning to a semblance of normal life.,"数量・論理, 英検",4,,,,semblance
indelible,消すことのできない,His works left an indelible mark on the history of music.,英検,4,,,,indelible
blurt,出し抜けに言う、うっかり口にする,He almost blurted out that he loved her.,"会話・伝達, 英検",4,,,,blurt
tumble,転ぶ、倒れる、転倒,I lost my balance and tumbled forward.,"動作, 英検",4,,,,tumble
"erode
erosion
erosive","損なう、価値を下げる、侵食する、侵食される
侵食、腐食
侵食性の、腐食性の",His monthly medical bills quickly eroded his savings.,"優劣・是非, 地理・気候, 物理・化学, 英検",4,,,,erode
fetter,拘束する、束縛する、足枷,Her critical article of the school system says that it fetters creativity.,英検,4,,,,fetter
buffer,（衝撃などを）和らげるもの,Her large cash savings serves as a buffer against times of potential hardship.,"カタカナ・象徴語, 人・職業, 英検",4,,,,buffer
"demeanor
misdemeanor","振る舞い、態度
不品行","Despite his cold and distant demeanor, he is a very kind person at heart.","優劣・是非, 性格・態度, 英検",4,,,,demeanor
"translucent
translucence","半透明の、透き通るような
半透明",The translucent body of the jellyfish makes it difficult to spot.,英検,4,,,,translucent
jaded,うんざりした、飽き飽きした,"After decades in the same job, he had become jaded with his daily routine.","感情・思考, 英検",4,,,,jaded
obsequious,へつらう、卑屈な,The salesperson was overly obsequious and I felt uncomfortable.,"性格・態度, 英検",4,,,,obsequious
ingrained,（習慣や思想が）深く染み込んだ,"Traditional beliefs about education are ingrained, so people are resistant to change.","感情・思考, 英検",3,,,,ingrained
dismay,"狼狽えさせる、失望させる
狼狽、失望",Her choice to drop out of school dismayed her parents.,"感情・思考, 英検",4,,,,dismay
"volition
volitional","意志の働き、決断
意志による",The decision to participate in the medical trial must be made of the patient’s own volition.,"感情・思考, 英検",4,,,,volition
"arbitrate
arbitration
arbiter","仲裁する、調停する
仲裁、調停
調停者",The UN arbitrated the dispute between the two nations.,"人・職業, 社会・国家, 英検",4,,,,arbitrate
agape,口を開けた、非常に驚いた,He just stood there with his mouth agape when he received an acceptance letter.,"感情・思考, 英検",4,,,,agape
,,,英検,,,,,
"hazard
hazardous","危険
危険な、有害な",Used syringes are dropped into a container for hazardous waste.,"優劣・是非, 英検",3,,,,hazard
"potent
potency","強力な、影響力のある、強い効果を持つ
影響、効果","The potent drug is very effective, but taking it comes with significant risks.","便利, 英検",4,,,,potent
buildup,増加、増強、売り込み,The country’s military buildup is making neighboring nations quite uneasy.,"ビジネス・経済, 数量・論理, 英検",3,,,,
"eradicate
eradication","根絶する、撲滅する
根絶、撲滅",A vaccine helped eradicate smallpox from the world.,"医療・健康, 生物・動物, 社会・国家, 英検",4,,,,eradicate
"chaos
chaotic","大混乱、無秩序
混沌とした、無秩序な",The political situation in that country is still chaotic.,"カタカナ・象徴語, 感情・思考, 英検",3,,,,chaos
solidarity,団結、連帯,She expressed her solidarity with the people affected by the floods.,英検,4,,,,solidarity
"recede
recession","後退する、遠ざかる、弱まる、和らぐ
後退、景気後退",It took a long time for the tsunami to recede completely.,"ビジネス・経済, 位置・方向, 英検",4,,,,recede
pesky,うるさい、厄介な,The pesky fly kept bothering her while she was trying to give her speech.,"優劣・是非, 英検",4,,,,pesky
eyewitness,目撃者,The police are looking for eyewitnesses of the crime.,"人・職業, 社会・国家, 英検",4,,,,eyewitness
commodity," 商品、売買品、有用なもの",Oil is one of the world’s most sought-after commodities.,"ビジネス・経済, 英検",3,,,,commodity
"notoriety
notorious","悪評、悪名
悪名高い、よく知られた",Police were in a panic after the notorious criminal managed to escape from prison.,"優劣・是非, 英検",4,,,,notorious